prdid,prdname,prdcategory,prdbrand,prdprice,prdrating
757,Zenith Lead,Toys,Zenith,94.95,4.15
650,Everest Parent,Sports,Everest,235.46,4.24
198,Orion Face,Electronics,Orion,1352.63,4.66
731,Pulse Treat,Electronics,Pulse,1236.42,4.23
950,GreenLeaf Current,Automotive,GreenLeaf,654.76,2.55
1805,GreenLeaf Hear,Groceries,GreenLeaf,11.37,2.55
1298,Astra Moment,Toys,Astra,92.91,4.87
937,Acme Computer,Electronics,Acme,401.3,4.38
828,Nimbus Nature,Groceries,Nimbus,8.6,3.42
1000,Solace Never,Electronics,Solace,443.67,4.2
373,Everest Difference,Automotive,Everest,390.56,4.65
923,NeoTech Change,Groceries,NeoTech,6.52,4.04
1491,Zenith Society,Sports,Zenith,153.2,4.47
374,Solace The,Sports,Solace,377.51,4.71
617,Astra Free,Beauty,Astra,45.28,2.5
835,Acme School,Books,Acme,17.57,4.28
344,GreenLeaf At,Automotive,GreenLeaf,145.72,3.91
322,Astra Explain,Groceries,Astra,32.16,2.81
269,Zenith Clear,Pet Supplies,Zenith,74.5,3.44
1485,Pulse Lose,Electronics,Pulse,850.61,4.58
1877,Orion Miss,Toys,Orion,63.71,3.93
1589,Harbor Else,Electronics,Harbor,175.72,3.7
1973,Pulse Design,Electronics,Pulse,416.78,2.72
1146,Harbor Return,Electronics,Harbor,697.07,4.69
1219,Pulse Skin,Pet Supplies,Pulse,28.04,3.17
585,Solace Tough,Home & Kitchen,Solace,44.29,4.44
12,GreenLeaf Road,Electronics,GreenLeaf,1299.71,3.61
1450,Zenith Should,Clothing,Zenith,108.38,2.96
1361,Acme Sense,Beauty,Acme,33.11,4.48
694,Orion Even,Home & Kitchen,Orion,318.23,2.75
1708,Orion Room,Books,Orion,99.54,2.97
900,Pulse Real,Groceries,Pulse,21.1,3.35
988,Astra Purpose,Books,Astra,79.42,4.3
147,NeoTech Beat,Toys,NeoTech,52.33,4.29
1397,Zenith Town,Electronics,Zenith,513.63,2.94
1958,Willow Go,Pet Supplies,Willow,94.62,3.76
1560,Everest Bar,Electronics,Everest,1033.13,4.31
1339,Orion Break,Automotive,Orion,535.69,2.63
1790,Zenith Result,Sports,Zenith,403.08,3.26
868,Willow Eat,Beauty,Willow,131.16,3.37
1876,Willow Law,Beauty,Willow,67.41,4.38
1190,Orion Once,Home & Kitchen,Orion,157.51,3
718,Solace Through,Automotive,Solace,384.4,3.56
1002,Harbor Night,Clothing,Harbor,209.1,3.68
1703,Willow Just,Beauty,Willow,165.03,3.97
1626,Nimbus Out,Groceries,Nimbus,30.12,4.19
302,Zenith Together,Pet Supplies,Zenith,47.73,4.42
672,Pulse Yeah,Automotive,Pulse,370.64,3.87
566,Nimbus Himself,Home & Kitchen,Nimbus,221.26,3.39
621,Astra Daughter,Toys,Astra,7.92,4.63
1679,GreenLeaf Wrong,Sports,GreenLeaf,215.6,3.21
52,Nimbus To,Sports,Nimbus,138.89,3.17
1083,Astra College,Home & Kitchen,Astra,364.29,3.68
653,Orion Coach,Electronics,Orion,649.28,3.41
1278,Willow Community,Electronics,Willow,1194.94,4.65
93,NeoTech Peace,Sports,NeoTech,202.3,3.85
1135,NeoTech Team,Home & Kitchen,NeoTech,82.68,3.57
547,Everest Region,Clothing,Everest,207.26,3.78
1669,Solace Media,Toys,Solace,115.92,3.12
513,Everest Child,Toys,Everest,11.93,3.45
692,Acme Trip,Toys,Acme,75.81,2.79
1905,GreenLeaf Race,Groceries,GreenLeaf,3.32,3.34
632,Solace Show,Automotive,Solace,874.11,3.87
1555,Acme Book,Automotive,Acme,238.08,3.46
48,NeoTech Major,Books,NeoTech,70.33,4.69
844,NeoTech Second,Toys,NeoTech,31.98,3.42
741,Nimbus For,Electronics,Nimbus,704.46,2.96
1828,Willow Cost,Books,Willow,54.83,3.05
1937,Pulse Reveal,Beauty,Pulse,159.29,4
1233,GreenLeaf Into,Toys,GreenLeaf,49.59,3.96
749,GreenLeaf Authority,Electronics,GreenLeaf,254.08,4.83
1091,Solace Owner,Home & Kitchen,Solace,215.69,4.31
1647,Acme It,Clothing,Acme,118.8,3.17
1012,Acme Him,Electronics,Acme,1290.2,3.86
476,Harbor Much,Automotive,Harbor,133.02,4.38
1191,Pulse Direction,Toys,Pulse,43.64,4.56
1783,Willow Culture,Home & Kitchen,Willow,56.57,4.17
225,GreenLeaf Newspaper,Electronics,GreenLeaf,527.87,3.96
1864,Acme Age,Home & Kitchen,Acme,200.84,3.63
255,NeoTech Well,Beauty,NeoTech,71.91,4.18
126,Willow Arm,Sports,Willow,423.57,4.72
554,Everest National,Beauty,Everest,157.02,3.37
1736,GreenLeaf Reach,Groceries,GreenLeaf,5.66,2.7
1515,Zenith Reduce,Home & Kitchen,Zenith,40.8,3.99
1706,Willow Measure,Electronics,Willow,970.1,4.04
1442,Harbor Statement,Groceries,Harbor,6.07,3.94
1069,Nimbus Cost,Electronics,Nimbus,250.79,4.19
153,Pulse Care,Automotive,Pulse,147.47,2.6
985,Zenith Hot,Books,Zenith,43.24,4.03
787,Acme Attack,Toys,Acme,62.47,2.69
424,Everest Find,Home & Kitchen,Everest,439.51,3.62
1165,Willow Never,Groceries,Willow,12.97,4.89
1229,Willow Experience,Electronics,Willow,1477.45,4.21
488,Solace Level,Home & Kitchen,Solace,264.67,4.59
53,Willow Item,Automotive,Willow,100.81,4.55
1169,Solace Education,Sports,Solace,180.9,3.95
1651,Acme Those,Toys,Acme,109.53,3.57
1872,Everest Budget,Electronics,Everest,1217.83,3.3
1521,Acme Likely,Automotive,Acme,818.59,4.61
233,Zenith Might,Sports,Zenith,173.94,2.64
765,Everest Show,Toys,Everest,114.03,3.35
843,NeoTech Finally,Home & Kitchen,NeoTech,51.57,4.65
1947,Acme Think,Books,Acme,78.16,3.11
1067,GreenLeaf More,Sports,GreenLeaf,98.53,3.36
1549,GreenLeaf Drive,Books,GreenLeaf,13.83,4.67
1071,Willow Protect,Electronics,Willow,704.13,3.31
1101,Harbor Another,Beauty,Harbor,152.38,3.27
907,NeoTech Building,Pet Supplies,NeoTech,54.46,3.57
877,Willow Commercial,Groceries,Willow,24.09,4.33
1590,Solace Institution,Clothing,Solace,11.57,2.81
1053,NeoTech Market,Beauty,NeoTech,108.8,2.79
227,Solace Risk,Home & Kitchen,Solace,238.61,3.47
1280,Orion Why,Beauty,Orion,98.92,2.83
1490,Orion Total,Clothing,Orion,158.04,3.02
893,Astra Worker,Pet Supplies,Astra,87.91,2.67
930,Nimbus Hot,Toys,Nimbus,32.43,3.71
1837,Pulse Above,Toys,Pulse,72.87,3.13
430,GreenLeaf Own,Groceries,GreenLeaf,5.35,4.51
1950,Pulse No,Groceries,Pulse,25.37,3.1
717,Astra Nation,Books,Astra,53.24,4.54
1912,NeoTech Imagine,Beauty,NeoTech,257.28,3.87
1625,Harbor Sort,Clothing,Harbor,146.81,4.7
954,Harbor Cost,Automotive,Harbor,661.52,3.32
1778,Solace Minute,Toys,Solace,10.29,2.91
819,Orion Range,Sports,Orion,159.14,3.67
1088,Everest Church,Beauty,Everest,58.95,2.6
1503,NeoTech Interesting,Automotive,NeoTech,126.6,2.94
637,Nimbus Everything,Pet Supplies,Nimbus,4.87,3.47
37,Orion Approach,Pet Supplies,Orion,44.4,3.06
1510,GreenLeaf Reduce,Pet Supplies,GreenLeaf,93.58,4.47
1269,Nimbus Start,Toys,Nimbus,40.03,3.08
1417,GreenLeaf Less,Automotive,GreenLeaf,373.48,4.59
1814,Nimbus Prevent,Automotive,Nimbus,566.53,2.62
1332,Orion Moment,Books,Orion,27.08,3.17
1398,Zenith Believe,Automotive,Zenith,157.95,3.68
1630,Nimbus From,Electronics,Nimbus,1519.49,3.98
1832,Orion Medical,Home & Kitchen,Orion,52.77,4.16
437,GreenLeaf Various,Clothing,GreenLeaf,130.95,3.37
420,Astra Federal,Books,Astra,38.79,4.38
1664,Willow Her,Toys,Willow,44.59,3.09
1128,Willow Responsibility,Electronics,Willow,338.49,2.79
1306,Orion Identify,Books,Orion,31.28,3.82
325,Solace Down,Sports,Solace,114.24,4.22
1921,GreenLeaf Voice,Automotive,GreenLeaf,124.91,3.34
340,Zenith Life,Groceries,Zenith,20.74,2.7
851,Nimbus Serve,Books,Nimbus,67.08,2.91
137,Willow Such,Automotive,Willow,441.37,2.59
89,Harbor Necessary,Sports,Harbor,43.43,3.55
217,Zenith Follow,Clothing,Zenith,101.57,3.68
42,NeoTech Power,Toys,NeoTech,36.95,4.49
503,Harbor Cup,Clothing,Harbor,90.57,4.4
1659,Willow Group,Pet Supplies,Willow,20.65,2.82
1064,Zenith Enter,Automotive,Zenith,260.64,3.9
581,Nimbus You,Sports,Nimbus,307.54,3.12
92,Willow Economy,Beauty,Willow,177.95,3.31
1017,Orion Late,Sports,Orion,210.15,3.36
1545,NeoTech Everyone,Groceries,NeoTech,1.49,2.94
295,NeoTech What,Pet Supplies,NeoTech,84.97,4.66
1502,Willow Dark,Pet Supplies,Willow,71.02,3.29
896,NeoTech Later,Toys,NeoTech,78.36,3
91,Orion Involve,Books,Orion,69.07,3.44
1184,Acme Fill,Toys,Acme,64.63,4.24
1623,Solace Support,Toys,Solace,82.98,3.49
1599,Willow Report,Books,Willow,63.33,4.71
1614,Solace Create,Clothing,Solace,97.47,2.92
1299,Everest College,Toys,Everest,84.37,4.85
967,Astra Tend,Clothing,Astra,106.52,3.3
922,Pulse Goal,Home & Kitchen,Pulse,140.3,4.5
294,Zenith Recently,Automotive,Zenith,543.31,3.48
1357,Nimbus Task,Groceries,Nimbus,19.99,3.2
1556,Harbor Population,Pet Supplies,Harbor,86.48,3.1
1672,NeoTech Career,Electronics,NeoTech,1257.52,4.21
1058,Nimbus Raise,Home & Kitchen,Nimbus,98.25,4.53
764,Harbor Much,Sports,Harbor,226.24,2.9
1102,GreenLeaf Computer,Toys,GreenLeaf,8.2,3.02
1550,Zenith Case,Books,Zenith,19.19,3.92
729,Orion View,Clothing,Orion,49.66,3.89
173,Harbor Itself,Clothing,Harbor,30.32,4.4
1724,NeoTech Mind,Electronics,NeoTech,846.61,3.62
682,Nimbus Stage,Automotive,Nimbus,541.92,3.94
1111,Pulse Indeed,Beauty,Pulse,103.67,3.6
1820,NeoTech Personal,Clothing,NeoTech,90.19,3.49
1001,Everest She,Books,Everest,25.73,2.79
1471,NeoTech Writer,Sports,NeoTech,161.15,3.39
796,Acme Bank,Beauty,Acme,26.1,2.66
601,Acme Manage,Sports,Acme,343.78,3.5
973,Everest Push,Electronics,Everest,1603.75,2.84
348,Acme Vote,Pet Supplies,Acme,47.14,4.39
96,Orion Record,Pet Supplies,Orion,53.16,4.15
70,Solace Other,Electronics,Solace,802.45,3.67
1097,Astra Son,Sports,Astra,223.08,3.56
1043,NeoTech Opportunity,Clothing,NeoTech,28.05,4.84
1231,Solace All,Sports,Solace,168.03,2.74
1608,Orion Whatever,Books,Orion,96.75,3.06
1755,GreenLeaf Star,Automotive,GreenLeaf,305.42,3.33
1980,Solace Door,Automotive,Solace,59.9,3.96
572,GreenLeaf Score,Pet Supplies,GreenLeaf,58.41,2.99
411,Acme Common,Pet Supplies,Acme,50.96,2.88
1112,Willow Sing,Groceries,Willow,22.26,2.93
1525,Astra On,Clothing,Astra,134.22,3.82
943,Willow Discuss,Clothing,Willow,111.58,4.18
702,GreenLeaf Condition,Electronics,GreenLeaf,667.59,2.8
390,Acme Coach,Groceries,Acme,24.1,3.79
1133,GreenLeaf High,Electronics,GreenLeaf,521,3.4
1882,Astra Tough,Electronics,Astra,1463.26,4.71
1134,NeoTech Son,Beauty,NeoTech,145.87,4.35
778,Astra Clearly,Clothing,Astra,56.05,3.65
1592,NeoTech Guy,Pet Supplies,NeoTech,44.14,4.45
1587,Zenith Rich,Electronics,Zenith,658.35,4.34
492,Nimbus Who,Books,Nimbus,36.16,4.07
793,Willow Agree,Clothing,Willow,168,3.83
94,Solace Ten,Sports,Solace,41.49,3.6
288,Acme He,Beauty,Acme,106.67,3.28
1423,Astra Avoid,Beauty,Astra,56.11,4.26
432,Harbor Develop,Pet Supplies,Harbor,58.1,3.07
527,Astra Democrat,Electronics,Astra,554.93,2.99
1407,Nimbus Line,Home & Kitchen,Nimbus,218.95,2.87
665,Zenith Hotel,Clothing,Zenith,76.18,3.96
1533,GreenLeaf Star,Beauty,GreenLeaf,156.64,4.02
590,NeoTech Protect,Beauty,NeoTech,13.34,2.68
1737,Zenith Heart,Beauty,Zenith,92.24,4.75
1610,Everest Republican,Pet Supplies,Everest,77.46,3.28
751,Willow At,Books,Willow,2.72,3.47
1931,Orion Make,Clothing,Orion,40.77,3.91
1422,Solace News,Automotive,Solace,660.72,3.23
246,Willow Because,Automotive,Willow,216.58,3.89
1296,Harbor Pick,Toys,Harbor,14.7,3.58
402,Solace Change,Clothing,Solace,108.39,4.06
1336,Solace Section,Home & Kitchen,Solace,260.9,2.76
500,NeoTech Security,Beauty,NeoTech,38.54,2.54
191,GreenLeaf Produce,Toys,GreenLeaf,47.14,3.64
918,Astra Space,Home & Kitchen,Astra,98.55,4.11
626,NeoTech Practice,Home & Kitchen,NeoTech,59.97,4.26
1358,Orion Film,Books,Orion,54.48,2.84
1605,Harbor Picture,Electronics,Harbor,492.64,3.12
1441,Zenith Garden,Books,Zenith,54.22,4.5
1074,Solace Civil,Automotive,Solace,160.18,2.96
1674,Orion Ahead,Electronics,Orion,786.4,4.49
1177,Harbor Ability,Sports,Harbor,107.38,2.53
473,Nimbus Whose,Books,Nimbus,22.53,2.99
1826,Solace Guy,Clothing,Solace,117.72,4.34
1558,Everest Factor,Clothing,Everest,142.38,2.78
1400,Orion Bag,Beauty,Orion,86.41,4.22
952,Nimbus Bag,Beauty,Nimbus,70.34,4.55
1404,Pulse Certainly,Toys,Pulse,95.08,4.74
18,Solace A,Home & Kitchen,Solace,47.18,3.06
917,Astra Upon,Toys,Astra,20.58,2.83
854,GreenLeaf Plan,Automotive,GreenLeaf,685.59,2.59
1570,Willow Few,Beauty,Willow,130.56,3.5
224,Astra Else,Automotive,Astra,88.96,2.52
253,Harbor Reduce,Groceries,Harbor,46.4,3.4
1003,Willow Peace,Automotive,Willow,676.95,4.22
1005,Acme Majority,Home & Kitchen,Acme,405.41,3.14
328,Pulse Group,Toys,Pulse,26.74,4.05
1588,GreenLeaf Without,Beauty,GreenLeaf,132.56,3.78
278,Astra Goal,Beauty,Astra,37.69,3.99
494,Astra Test,Clothing,Astra,148.44,3.65
98,Nimbus Computer,Beauty,Nimbus,63.31,3.94
1526,Orion Defense,Clothing,Orion,117.09,4.36
353,Zenith Thought,Toys,Zenith,83.19,4.47
768,Harbor Wind,Pet Supplies,Harbor,50.78,2.66
241,Orion Idea,Clothing,Orion,148.45,4.55
1794,Willow Treatment,Automotive,Willow,576.97,3.89
3,Acme Discuss,Sports,Acme,265.37,3.46
704,NeoTech Girl,Home & Kitchen,NeoTech,194.49,4.66
991,Everest Drug,Clothing,Everest,19.08,4.39
1961,NeoTech Write,Electronics,NeoTech,1038.94,3.18
1068,Zenith Decade,Groceries,Zenith,19.97,3.65
1887,Astra Work,Books,Astra,10.47,2.84
1081,Astra Act,Electronics,Astra,985.35,2.77
339,Nimbus Memory,Pet Supplies,Nimbus,93.07,2.71
959,Astra Idea,Beauty,Astra,71.72,3.46
1750,Solace Possible,Books,Solace,61.35,2.87
136,Zenith Phone,Electronics,Zenith,2169.98,4.38
1170,Acme Recently,Groceries,Acme,30.76,4.58
898,Zenith Although,Sports,Zenith,116.26,4.42
1007,Acme Pm,Clothing,Acme,182.33,3.84
1593,Harbor Eat,Clothing,Harbor,181.12,4.17
597,Acme Consumer,Groceries,Acme,13.5,4.72
1061,Pulse Eight,Automotive,Pulse,297.23,3.71
1960,Orion Owner,Electronics,Orion,738.02,2.94
1275,Nimbus Bad,Toys,Nimbus,77.34,2.56
1797,GreenLeaf Green,Automotive,GreenLeaf,187.99,3.37
1055,Harbor Wonder,Clothing,Harbor,123.01,4.87
659,Harbor Strong,Automotive,Harbor,501.37,3.5
1989,GreenLeaf Major,Books,GreenLeaf,61.57,3.58
1898,Astra Process,Pet Supplies,Astra,131.29,3.76
254,Everest Simple,Pet Supplies,Everest,109.05,2.7
1363,GreenLeaf Last,Pet Supplies,GreenLeaf,13.6,4.68
1517,GreenLeaf Present,Clothing,GreenLeaf,233.7,4.04
1645,Nimbus Much,Sports,Nimbus,223.28,3.42
1796,Zenith Military,Pet Supplies,Zenith,45.72,4.68
1713,Zenith Into,Toys,Zenith,37.8,4.17
167,Pulse Answer,Sports,Pulse,28.53,4.4
1458,NeoTech Leader,Automotive,NeoTech,29.08,4.44
773,Astra Page,Beauty,Astra,9.58,2.8
1253,Zenith Red,Books,Zenith,42.45,4.3
545,Pulse Understand,Sports,Pulse,55.49,3.04
1941,Astra Sometimes,Pet Supplies,Astra,82.4,4.16
1700,Harbor One,Automotive,Harbor,601.59,2.52
598,Nimbus Pass,Pet Supplies,Nimbus,4.68,4.78
794,NeoTech Nice,Toys,NeoTech,62.1,2.6
1845,Nimbus Fill,Toys,Nimbus,74.86,4.7
1638,Harbor Story,Home & Kitchen,Harbor,363.25,3.13
1547,Orion Catch,Clothing,Orion,149.44,3.91
201,Willow Something,Toys,Willow,23.76,4.6
1714,NeoTech Trouble,Sports,NeoTech,303.15,3.7
305,Everest Scientist,Home & Kitchen,Everest,295.31,3.75
102,Pulse Surface,Groceries,Pulse,6.16,4.78
354,Pulse Letter,Electronics,Pulse,1387.39,4.43
1073,Everest Own,Beauty,Everest,31.17,2.56
1720,Harbor Or,Pet Supplies,Harbor,6.69,3.84
1673,Harbor Main,Beauty,Harbor,99.78,2.67
465,Nimbus Professional,Toys,Nimbus,14.96,4.33
1052,NeoTech Customer,Clothing,NeoTech,196.49,3.9
1080,Acme Wrong,Clothing,Acme,18.31,4.63
1057,Acme Up,Automotive,Acme,538.47,4.42
261,Orion Indicate,Books,Orion,54.65,2.65
1698,GreenLeaf Day,Clothing,GreenLeaf,142.7,4.17
1566,Willow Entire,Groceries,Willow,23.71,3.59
34,Everest Figure,Automotive,Everest,260.02,3.87
1789,Willow Wall,Automotive,Willow,409.61,4.48
1476,Nimbus Sound,Books,Nimbus,22.36,3.87
64,NeoTech Commercial,Sports,NeoTech,151.03,3.98
1622,Willow Break,Beauty,Willow,5.29,2.62
1480,GreenLeaf Deal,Pet Supplies,GreenLeaf,20.68,4.81
644,NeoTech Investment,Automotive,NeoTech,293.47,2.86
995,Nimbus Level,Automotive,Nimbus,223.92,2.93
67,Acme Their,Books,Acme,16.13,3.13
1392,NeoTech Civil,Toys,NeoTech,29.34,3.63
1823,Willow Bit,Sports,Willow,215.56,2.59
298,Zenith Deal,Electronics,Zenith,1238.93,4.34
1777,NeoTech Continue,Pet Supplies,NeoTech,69.57,2.83
1344,Orion Second,Pet Supplies,Orion,103.47,2.72
1979,NeoTech Our,Electronics,NeoTech,662.22,2.76
211,Acme Performance,Toys,Acme,104.68,4.68
938,GreenLeaf Remember,Books,GreenLeaf,83.52,2.52
1350,Harbor Production,Clothing,Harbor,75.16,3.55
1885,Zenith Catch,Home & Kitchen,Zenith,215.62,2.76
727,Pulse Miss,Beauty,Pulse,133.58,3.13
619,GreenLeaf Idea,Electronics,GreenLeaf,279.09,3.32
1695,Pulse Look,Groceries,Pulse,11.71,4.78
1313,Harbor Different,Pet Supplies,Harbor,28.38,4.29
384,Nimbus Take,Automotive,Nimbus,596.56,2.69
1237,Solace Agree,Groceries,Solace,44.83,2.68
142,Zenith Way,Clothing,Zenith,205.73,4.65
230,Astra Well,Clothing,Astra,174.94,2.63
406,NeoTech Provide,Sports,NeoTech,103.54,4.5
237,Zenith Thus,Automotive,Zenith,191.89,2.97
287,NeoTech Vote,Pet Supplies,NeoTech,69.34,3.12
1562,GreenLeaf Character,Sports,GreenLeaf,184.98,3.87
951,Willow Place,Groceries,Willow,25.48,4.07
1250,Harbor Thought,Toys,Harbor,14.59,4.51
299,Zenith Partner,Automotive,Zenith,291.45,3.06
1784,Everest Beautiful,Sports,Everest,219.72,3.77
822,Astra All,Clothing,Astra,36.08,2.58
66,GreenLeaf Spring,Books,GreenLeaf,42.89,4.69
709,Everest Unit,Sports,Everest,142.68,4.49
875,Pulse Season,Automotive,Pulse,376.18,4.13
1881,Acme Support,Books,Acme,36.2,4.7
779,Nimbus Seven,Books,Nimbus,8.89,4.35
84,Orion Firm,Groceries,Orion,4.51,4.44
1822,Orion Race,Automotive,Orion,492.48,3.57
1711,Acme Here,Electronics,Acme,929.73,2.77
730,Everest Miss,Automotive,Everest,570.57,2.92
1642,Acme Design,Groceries,Acme,5.55,3.76
525,GreenLeaf According,Books,GreenLeaf,28.04,4.3
1329,Willow Mean,Sports,Willow,168.63,3.55
1619,Everest Imagine,Clothing,Everest,15.52,4.2
1207,Zenith War,Beauty,Zenith,28.52,3.88
691,GreenLeaf Concern,Groceries,GreenLeaf,3.96,4.89
1042,Pulse Degree,Home & Kitchen,Pulse,225,3.64
275,Everest Customer,Toys,Everest,36.36,3.05
1646,Orion Class,Sports,Orion,314.64,4.51
1917,Everest Possible,Electronics,Everest,503.48,3.01
1924,Acme Sign,Books,Acme,5.58,3.74
925,Harbor Size,Books,Harbor,19.35,4.76
1291,Zenith Sign,Beauty,Zenith,56.18,3.55
1856,GreenLeaf Somebody,Toys,GreenLeaf,69.5,4.46
935,Astra City,Pet Supplies,Astra,70.32,3.21
932,Astra Last,Pet Supplies,Astra,96.95,3.26
1607,Solace Institution,Beauty,Solace,65,2.94
459,Nimbus Next,Toys,Nimbus,74.6,3.01
1159,Acme Institution,Books,Acme,18.26,2.67
1910,Nimbus Possible,Clothing,Nimbus,76.19,3.13
1266,NeoTech Participant,Home & Kitchen,NeoTech,45.32,3.78
1294,Solace But,Toys,Solace,45.66,4.28
686,Willow Bring,Clothing,Willow,29.92,4.3
504,GreenLeaf Learn,Beauty,GreenLeaf,111.42,3.27
1540,Harbor Whom,Automotive,Harbor,148.66,3.07
1670,NeoTech Outside,Beauty,NeoTech,110.43,2.78
1125,Harbor Against,Electronics,Harbor,1181.64,3.46
471,NeoTech While,Sports,NeoTech,181.71,4.25
1087,Solace Let,Clothing,Solace,220.52,2.58
495,Pulse Down,Groceries,Pulse,21.2,4.53
444,Everest Opportunity,Groceries,Everest,28.92,2.63
1537,NeoTech Test,Groceries,NeoTech,9.23,4.21
1103,GreenLeaf Old,Books,GreenLeaf,117.92,4.09
1472,Zenith Rate,Toys,Zenith,40.71,3.53
593,Willow Military,Books,Willow,82.84,4.79
1507,Harbor Thousand,Sports,Harbor,317.38,3.83
330,Orion Begin,Pet Supplies,Orion,37.03,4.32
1021,Solace Fund,Beauty,Solace,72.4,2.98
902,GreenLeaf Card,Pet Supplies,GreenLeaf,42.91,4.12
1445,GreenLeaf Project,Beauty,GreenLeaf,118.11,4.72
1616,GreenLeaf Draw,Books,GreenLeaf,167.4,4.08
795,GreenLeaf News,Books,GreenLeaf,44.55,4.53
1863,Acme Half,Books,Acme,59.15,3.35
240,Astra Model,Sports,Astra,13.49,2.91
183,Orion Like,Groceries,Orion,3.37,4.26
114,Zenith Create,Electronics,Zenith,805.15,4.14
1694,Solace Actually,Pet Supplies,Solace,34.17,4.83
1041,NeoTech Fine,Groceries,NeoTech,17.03,2.87
1498,Acme Take,Clothing,Acme,207.25,2.84
885,Nimbus Whose,Automotive,Nimbus,606.7,4.33
861,Orion Voice,Toys,Orion,81.52,3.54
1089,NeoTech Person,Books,NeoTech,19.14,3.04
1066,Nimbus Time,Home & Kitchen,Nimbus,154.29,3.61
1248,GreenLeaf Happen,Electronics,GreenLeaf,1233.14,2.86
286,Zenith Church,Pet Supplies,Zenith,39.15,2.85
1582,Solace Everyone,Clothing,Solace,242.11,3.76
1901,Nimbus Wide,Pet Supplies,Nimbus,94.59,3.94
1246,Zenith Husband,Toys,Zenith,31.98,4.64
1292,Astra Measure,Automotive,Astra,763.65,2.77
1359,Orion Strategy,Beauty,Orion,100.06,3.63
1210,GreenLeaf Realize,Books,GreenLeaf,66.98,3.34
543,Orion City,Beauty,Orion,115.63,4.56
1987,Astra Sea,Automotive,Astra,871.03,3.23
578,Nimbus Development,Home & Kitchen,Nimbus,390.19,2.59
916,Acme Radio,Sports,Acme,81.74,3.17
1727,Harbor Resource,Home & Kitchen,Harbor,228.38,3.52
1743,Zenith Happy,Home & Kitchen,Zenith,173.72,4.54
1650,Solace Suffer,Books,Solace,71.07,4.19
1436,Zenith Argue,Toys,Zenith,63.88,3.92
1598,NeoTech Administration,Automotive,NeoTech,407.98,3.51
1779,Orion Management,Clothing,Orion,57.54,4.39
385,Willow Mouth,Electronics,Willow,756.87,3.96
1528,Pulse Behavior,Beauty,Pulse,150.71,3.09
1753,Zenith View,Sports,Zenith,165.03,4.69
1968,Nimbus Before,Home & Kitchen,Nimbus,375.68,3.67
1259,Solace How,Electronics,Solace,490.48,4.24
557,Orion And,Sports,Orion,167.07,2.73
1204,NeoTech Plant,Automotive,NeoTech,88.34,3.55
1830,Acme Chance,Electronics,Acme,1127.47,3.02
422,Everest Fire,Clothing,Everest,257.15,4.37
1689,Willow Condition,Sports,Willow,297.5,3.32
1335,Solace Including,Home & Kitchen,Solace,386.33,4.21
1468,NeoTech Town,Automotive,NeoTech,212.1,2.7
1377,Harbor Month,Groceries,Harbor,22.11,4.59
1221,NeoTech Job,Clothing,NeoTech,79.93,4.51
1819,Everest Organization,Beauty,Everest,69.22,2.73
777,NeoTech Eye,Pet Supplies,NeoTech,27.19,4.64
1484,Astra Key,Electronics,Astra,475.65,3.43
1386,NeoTech Nature,Clothing,NeoTech,181.88,2.89
1860,Everest Late,Clothing,Everest,86.67,3.46
1693,GreenLeaf Next,Books,GreenLeaf,21.06,3.57
1164,GreenLeaf Rule,Clothing,GreenLeaf,18.65,3.46
1925,Willow Hospital,Automotive,Willow,1340.76,3.45
1618,Acme Drug,Pet Supplies,Acme,43.35,3.7
279,Zenith World,Beauty,Zenith,114.56,4.18
1710,Zenith Stay,Groceries,Zenith,16.58,4.86
90,Pulse Arm,Groceries,Pulse,3.69,2.87
714,Everest Economic,Groceries,Everest,22.55,3.91
1238,Pulse Positive,Clothing,Pulse,166.04,3.79
1446,Harbor Mother,Toys,Harbor,40.8,3.04
1858,Everest Run,Books,Everest,54.55,4.3
1079,Orion Page,Home & Kitchen,Orion,249.07,3.14
774,Harbor Think,Clothing,Harbor,20.4,4.69
1004,Acme Mention,Pet Supplies,Acme,12.81,3.13
1254,Nimbus Job,Toys,Nimbus,71.59,3.67
358,Solace Something,Electronics,Solace,1001.67,4.03
1897,Nimbus Expert,Beauty,Nimbus,127.42,2.95
1895,GreenLeaf Into,Electronics,GreenLeaf,418.78,4
805,Nimbus Standard,Beauty,Nimbus,35.08,3.72
1944,Nimbus East,Books,Nimbus,63.5,4.54
517,Nimbus Those,Beauty,Nimbus,60.55,4.31
1568,Pulse Scientist,Groceries,Pulse,11.15,4.42
1366,Pulse Interesting,Clothing,Pulse,95.81,4.13
678,Zenith Whole,Toys,Zenith,152.1,3.14
528,Zenith Leader,Toys,Zenith,29.55,4.14
55,Astra Our,Electronics,Astra,949.73,3.51
873,Harbor Television,Home & Kitchen,Harbor,94.58,4.81
1301,Astra Without,Clothing,Astra,114.51,2.87
1655,Pulse Understand,Home & Kitchen,Pulse,75.5,4.09
258,Orion Trouble,Groceries,Orion,11.34,4.46
1896,Everest Response,Automotive,Everest,278.74,3.7
909,Orion Head,Pet Supplies,Orion,72.71,3.86
884,Willow Nation,Pet Supplies,Willow,15.29,4.05
1475,Nimbus Place,Electronics,Nimbus,651.6,3.93
221,Nimbus Customer,Groceries,Nimbus,22.47,4.15
149,Nimbus Where,Automotive,Nimbus,323.14,4.5
1409,Willow Open,Books,Willow,44.71,4.54
673,Orion Structure,Sports,Orion,224.01,2.63
1031,Solace Group,Pet Supplies,Solace,82.85,4.23
1957,Zenith Conference,Pet Supplies,Zenith,45.18,2.72
1319,Solace Change,Toys,Solace,65.6,2.88
551,GreenLeaf Able,Home & Kitchen,GreenLeaf,154.28,4.03
1504,Harbor Return,Electronics,Harbor,1206.27,3.12
604,Pulse Economy,Pet Supplies,Pulse,113.44,4.4
447,Astra Shake,Beauty,Astra,127.26,4.31
1634,Pulse Outside,Electronics,Pulse,372.7,4.42
732,NeoTech Receive,Books,NeoTech,52.87,3.17
1766,Willow Purpose,Pet Supplies,Willow,64.22,3.51
388,GreenLeaf Discover,Clothing,GreenLeaf,252.09,2.92
1661,Acme Thought,Toys,Acme,14.26,4.53
491,Willow Answer,Electronics,Willow,398.86,2.95
1838,Everest Several,Home & Kitchen,Everest,331.98,3.02
1738,Nimbus Wish,Pet Supplies,Nimbus,52.26,3.4
442,Everest Than,Home & Kitchen,Everest,353.65,4.66
1991,Nimbus Military,Sports,Nimbus,178.96,3.57
1416,Harbor Improve,Groceries,Harbor,26.31,4
1120,Nimbus Lose,Toys,Nimbus,92.24,3.87
229,Acme Run,Pet Supplies,Acme,5.59,2.52
1356,Zenith Center,Toys,Zenith,48.15,2.52
1758,Everest Whole,Pet Supplies,Everest,8.07,2.69
921,Acme Military,Home & Kitchen,Acme,47.82,4.8
474,GreenLeaf Significant,Sports,GreenLeaf,283.17,3.01
80,Acme Discuss,Pet Supplies,Acme,24.52,3.42
784,Harbor Bar,Toys,Harbor,49.7,2.63
736,GreenLeaf The,Home & Kitchen,GreenLeaf,63.08,4.29
187,Harbor For,Sports,Harbor,134.5,4.84
537,Willow Use,Automotive,Willow,64.45,3.1
1273,NeoTech Heart,Books,NeoTech,9.74,3.1
1166,Solace Peace,Sports,Solace,61.86,4.26
1997,Zenith Board,Clothing,Zenith,106.67,2.66
920,Nimbus Girl,Books,Nimbus,65.35,4.7
1561,Nimbus Risk,Beauty,Nimbus,69.68,3.41
1020,Acme Miss,Electronics,Acme,917.59,2.58
1894,NeoTech Must,Clothing,NeoTech,51.65,2.56
1285,Zenith Wrong,Beauty,Zenith,29.9,3.18
7,Zenith School,Toys,Zenith,81.17,2.61
414,Zenith Almost,Home & Kitchen,Zenith,63.21,3.95
865,GreenLeaf Image,Sports,GreenLeaf,158.06,4.82
304,Willow Site,Clothing,Willow,120.82,2.68
431,Zenith Skin,Books,Zenith,27.08,3.96
368,Harbor Several,Sports,Harbor,257.21,4.37
1434,Harbor Together,Automotive,Harbor,669.84,3.68
668,Nimbus Culture,Clothing,Nimbus,168.02,3.77
2000,Harbor Whole,Books,Harbor,64.11,4.17
815,Willow Leader,Home & Kitchen,Willow,408.71,4.76
1050,Acme If,Electronics,Acme,598.07,3.16
544,Orion Now,Clothing,Orion,248.05,4
1684,Acme Anyone,Automotive,Acme,728.97,4.12
1038,Nimbus Deal,Books,Nimbus,22.47,4.85
1130,Orion Writer,Beauty,Orion,98.52,4.8
609,Zenith Nation,Books,Zenith,42.5,4.81
1915,Solace Or,Groceries,Solace,2.41,2.99
837,Zenith Performance,Pet Supplies,Zenith,81.32,4
1123,NeoTech May,Groceries,NeoTech,5.79,4.63
188,Zenith Direction,Pet Supplies,Zenith,12.4,2.69
1424,GreenLeaf Bill,Clothing,GreenLeaf,85.29,4.72
1402,Astra This,Beauty,Astra,121.55,3.59
1907,Nimbus Stay,Toys,Nimbus,34.96,3.84
195,Willow Study,Clothing,Willow,72.69,3.64
1668,GreenLeaf Recent,Clothing,GreenLeaf,47.02,2.74
657,Willow Student,Pet Supplies,Willow,23.33,3.47
360,Nimbus Main,Pet Supplies,Nimbus,59.31,4.45
106,Acme Sport,Toys,Acme,86.59,4.02
1781,Pulse Central,Electronics,Pulse,984.2,4.66
326,Acme Financial,Groceries,Acme,2.75,4
346,Pulse Third,Books,Pulse,51.61,4.24
1886,Acme Best,Electronics,Acme,1325.06,3.02
139,Harbor Able,Home & Kitchen,Harbor,335.61,4.21
9,Harbor Go,Home & Kitchen,Harbor,253.18,4.44
40,Acme Night,Home & Kitchen,Acme,350.41,4.74
612,Nimbus Successful,Pet Supplies,Nimbus,92.36,4.59
1037,Solace Growth,Home & Kitchen,Solace,130,3.53
1493,Solace Lead,Electronics,Solace,992.56,3.1
1653,Nimbus Control,Electronics,Nimbus,1187.64,4.85
1620,Zenith Television,Books,Zenith,39.96,3.84
296,Acme Figure,Groceries,Acme,21.18,2.68
313,Orion Tonight,Books,Orion,70.39,3.74
1867,Acme Foot,Toys,Acme,93.84,3.96
1355,Harbor Where,Toys,Harbor,62.74,4.76
361,Harbor Man,Clothing,Harbor,168.32,2.69
412,Orion News,Home & Kitchen,Orion,225.99,4
1063,GreenLeaf Happen,Groceries,GreenLeaf,27.14,3.06
1316,Nimbus Run,Electronics,Nimbus,1077.43,3.79
1168,Solace Cell,Home & Kitchen,Solace,416.24,2.98
1349,Acme Popular,Beauty,Acme,84.98,2.99
1847,GreenLeaf Goal,Electronics,GreenLeaf,1025.31,4.09
1704,NeoTech Property,Books,NeoTech,83.51,4.32
172,Harbor Natural,Home & Kitchen,Harbor,53.8,2.53
1586,Pulse Else,Books,Pulse,9.81,3.27
410,Nimbus Surface,Beauty,Nimbus,83.41,3.1
1023,Everest Early,Pet Supplies,Everest,93.43,2.86
634,GreenLeaf Argue,Clothing,GreenLeaf,43.85,2.52
185,Orion Guy,Toys,Orion,69.64,2.77
1444,Harbor Almost,Pet Supplies,Harbor,39.6,2.83
924,Everest Table,Sports,Everest,122.6,4.79
297,Everest Deep,Automotive,Everest,902.48,3.98
891,NeoTech Direction,Groceries,NeoTech,29.68,3.38
531,Nimbus Young,Beauty,Nimbus,167.72,4.13
1095,Willow Firm,Beauty,Willow,49.87,3.58
403,Orion Film,Clothing,Orion,74.66,2.55
586,Acme Action,Home & Kitchen,Acme,66.03,4.64
1793,Acme Marriage,Electronics,Acme,896.38,3.47
1506,Nimbus Support,Home & Kitchen,Nimbus,186.05,3.07
509,NeoTech Throw,Electronics,NeoTech,538.42,3.75
807,Nimbus Financial,Electronics,Nimbus,1205.1,3.41
35,Everest Choose,Electronics,Everest,438.46,4.63
206,Orion Pm,Automotive,Orion,202.11,4.47
968,NeoTech Body,Sports,NeoTech,133.34,3.03
725,Astra Into,Electronics,Astra,412.67,4.55
933,Pulse Attention,Sports,Pulse,167.45,2.7
259,Orion Financial,Sports,Orion,166.86,4.42
596,Everest Example,Beauty,Everest,29.5,3.2
1201,Astra Cell,Beauty,Astra,37.71,4.2
761,Willow Perform,Pet Supplies,Willow,57.87,2.57
1933,Zenith Live,Pet Supplies,Zenith,86.02,3.77
1045,Pulse Front,Toys,Pulse,41.15,2.71
1124,Solace We,Groceries,Solace,5.5,4.44
333,GreenLeaf Reflect,Books,GreenLeaf,32.42,2.97
1154,Acme Two,Beauty,Acme,22.62,3.96
1300,Harbor Mrs,Toys,Harbor,60.63,4.23
1676,Acme Prevent,Groceries,Acme,3.69,4.25
1893,Orion Manage,Books,Orion,24.22,3.65
1964,Willow Nation,Home & Kitchen,Willow,121.56,3.15
1804,Harbor Cost,Pet Supplies,Harbor,9.81,2.74
1260,Willow Add,Automotive,Willow,337.06,4.77
993,NeoTech Laugh,Electronics,NeoTech,564.72,3.3
1649,Harbor Goal,Sports,Harbor,361.55,4.07
515,Zenith Treatment,Toys,Zenith,21.15,4.74
115,Astra President,Books,Astra,28.99,4.24
570,Astra Where,Automotive,Astra,108.5,2.68
1152,Pulse Drop,Clothing,Pulse,79.18,3.69
1013,Willow Spring,Automotive,Willow,1047.18,4.4
1247,Nimbus When,Clothing,Nimbus,67.54,3.58
1763,Orion Who,Toys,Orion,79.36,3.36
1274,Nimbus Court,Beauty,Nimbus,83.98,4.17
13,Harbor Others,Groceries,Harbor,19.09,4.5
754,Acme Information,Electronics,Acme,1511.11,3.88
345,Solace Official,Books,Solace,62.17,2.74
342,Nimbus Cell,Sports,Nimbus,90.57,4.49
680,Harbor Investment,Automotive,Harbor,114.54,3.97
265,GreenLeaf Move,Home & Kitchen,GreenLeaf,163.19,4.52
1288,Pulse Politics,Books,Pulse,40.6,4.75
281,Acme Stuff,Groceries,Acme,28.99,3.31
1258,Nimbus Our,Pet Supplies,Nimbus,97.42,2.52
461,Nimbus Family,Electronics,Nimbus,1700.35,3.99
1451,Solace Know,Automotive,Solace,598.27,3.72
1411,Astra Support,Clothing,Astra,52.89,3.58
1090,Solace Democratic,Toys,Solace,74.93,3.45
890,Zenith Factor,Beauty,Zenith,48.64,3.05
1848,Astra Attorney,Automotive,Astra,392.65,4.7
337,Zenith Item,Books,Zenith,23.28,4.87
1660,GreenLeaf Medical,Clothing,GreenLeaf,113.12,4.72
1435,Harbor Eye,Books,Harbor,36.92,4.58
309,NeoTech Second,Groceries,NeoTech,10.7,4.09
1439,Pulse Would,Electronics,Pulse,1221.59,3.51
1263,Acme President,Toys,Acme,80.87,4.7
904,Nimbus Environment,Toys,Nimbus,47.08,3.97
1438,Zenith Word,Home & Kitchen,Zenith,417.75,2.59
1529,NeoTech Whom,Books,NeoTech,42.34,3.13
533,Solace Republican,Pet Supplies,Solace,11.41,4.15
477,Orion Break,Sports,Orion,55.28,4.12
460,Orion Final,Groceries,Orion,20.56,4.72
548,Pulse Idea,Books,Pulse,46,2.83
998,Acme Cause,Sports,Acme,57.46,4.31
20,Nimbus Yard,Automotive,Nimbus,492.81,2.75
1430,Astra Benefit,Clothing,Astra,41.44,3.29
856,Acme Part,Sports,Acme,113.75,4.22
1686,Pulse Thing,Beauty,Pulse,134.71,3.74
640,Zenith Rise,Automotive,Zenith,130.31,3.03
317,Zenith International,Home & Kitchen,Zenith,101.71,3.13
782,Harbor None,Pet Supplies,Harbor,35.82,3.56
1315,Everest Well,Books,Everest,16.45,3.39
1780,Pulse Voice,Pet Supplies,Pulse,49.73,2.65
1963,Orion Give,Clothing,Orion,172.17,3.84
1008,GreenLeaf Meet,Home & Kitchen,GreenLeaf,438.35,2.53
405,Orion Chance,Pet Supplies,Orion,7.85,4.59
1214,Nimbus Nice,Toys,Nimbus,55.11,2.62
1557,Acme Wait,Pet Supplies,Acme,75.93,4.14
897,GreenLeaf Fight,Pet Supplies,GreenLeaf,56.26,3.3
16,Zenith Current,Groceries,Zenith,9.53,4.68
663,Solace Party,Sports,Solace,89.02,2.81
1405,Solace Strong,Toys,Solace,79.25,2.64
439,GreenLeaf Need,Clothing,GreenLeaf,115.37,4.45
73,Harbor Authority,Toys,Harbor,46.81,3.99
1859,Orion Coach,Electronics,Orion,1011.71,4.55
679,Orion Clearly,Automotive,Orion,496.78,2.52
1697,NeoTech Member,Toys,NeoTech,20.71,4.67
1279,GreenLeaf Size,Toys,GreenLeaf,64.27,3.28
1760,Everest Fast,Toys,Everest,24.92,2.95
469,Everest Later,Toys,Everest,13.01,4.45
97,Zenith Movie,Groceries,Zenith,31.94,4.65
1205,Orion Player,Home & Kitchen,Orion,393.93,4.22
429,Harbor Hear,Groceries,Harbor,39,3.37
148,GreenLeaf Medical,Toys,GreenLeaf,68.12,2.9
648,Astra Federal,Pet Supplies,Astra,6.52,2.79
816,Pulse Author,Toys,Pulse,56.6,4.26
1209,Willow Radio,Pet Supplies,Willow,8.24,3.27
1489,Everest Now,Pet Supplies,Everest,40,3.23
840,Harbor Probably,Automotive,Harbor,548.83,4.09
726,NeoTech Production,Clothing,NeoTech,109.92,3.27
703,Everest It,Beauty,Everest,26.39,3.97
1032,GreenLeaf About,Home & Kitchen,GreenLeaf,183.58,4.81
1942,Everest School,Toys,Everest,24.99,3.77
681,Acme Keep,Electronics,Acme,1708.2,2.93
179,NeoTech Movement,Home & Kitchen,NeoTech,172.42,3.28
1601,GreenLeaf Wall,Clothing,GreenLeaf,93.07,4.61
1304,Solace Miss,Automotive,Solace,375.91,4.32
1303,GreenLeaf Be,Clothing,GreenLeaf,54.36,4.34
1514,NeoTech Into,Toys,NeoTech,61.14,3.64
1527,Willow Result,Electronics,Willow,2035.42,3.87
1374,Orion Particularly,Clothing,Orion,92.28,4.35
1927,Pulse Conference,Pet Supplies,Pulse,32.11,2.78
643,Willow Age,Clothing,Willow,105.35,4.41
723,Astra Move,Electronics,Astra,244.36,4.59
1462,Zenith Happy,Electronics,Zenith,951.69,3.58
1289,Zenith About,Pet Supplies,Zenith,66.74,4.38
788,Solace Activity,Pet Supplies,Solace,95.98,4.03
407,Acme Improve,Toys,Acme,18.79,2.92
1360,GreenLeaf Say,Pet Supplies,GreenLeaf,43.4,3.59
568,Orion Interest,Groceries,Orion,16.79,3.95
1455,Pulse Natural,Home & Kitchen,Pulse,91.33,3.07
690,NeoTech Interesting,Home & Kitchen,NeoTech,368.82,3.32
972,Orion Style,Beauty,Orion,53.88,3.31
1217,Everest Really,Beauty,Everest,96.55,3.88
1571,Orion Garden,Groceries,Orion,34.58,3.89
1372,Everest Summer,Beauty,Everest,82.39,4
826,Acme Mind,Clothing,Acme,26.79,4.38
1648,Everest Even,Beauty,Everest,124.31,2.53
1085,Harbor Avoid,Groceries,Harbor,16.71,3.4
979,Solace Per,Home & Kitchen,Solace,23.87,3.53
1256,Astra Who,Books,Astra,46.57,2.93
192,Pulse Near,Electronics,Pulse,455.43,4.88
630,Harbor Audience,Pet Supplies,Harbor,104.55,3.79
1317,Everest System,Home & Kitchen,Everest,13.72,2.74
1903,Everest Number,Beauty,Everest,184.43,3.85
1662,Nimbus Difficult,Groceries,Nimbus,25.06,3.83
310,Orion Side,Clothing,Orion,67.11,3.06
472,Pulse From,Toys,Pulse,40.79,4.52
1831,Orion Fact,Beauty,Orion,169.79,3.69
216,Pulse Serious,Sports,Pulse,295.05,4.86
23,Harbor Health,Groceries,Harbor,22.11,3.09
1239,Zenith Environmental,Groceries,Zenith,15.79,3.79
912,Pulse Manage,Automotive,Pulse,189.79,2.96
1115,Nimbus Eat,Books,Nimbus,16.35,4.52
790,Acme Whether,Automotive,Acme,359.12,3.06
1321,Willow Data,Sports,Willow,27.24,3.32
1833,Orion Blood,Beauty,Orion,88.37,4
579,Zenith Look,Groceries,Zenith,7.56,3.63
120,Zenith White,Clothing,Zenith,176.19,2.8
705,Zenith Form,Pet Supplies,Zenith,62.05,3.32
205,Pulse The,Toys,Pulse,68.81,3.51
1230,Orion Season,Toys,Orion,12.46,2.69
1290,Solace And,Clothing,Solace,108.57,4.07
239,Zenith Commercial,Sports,Zenith,180.4,2.91
1977,Solace Leave,Home & Kitchen,Solace,250.41,3.3
1791,Acme Democratic,Groceries,Acme,9,3.17
467,Orion Debate,Electronics,Orion,712.19,2.94
1675,Solace Majority,Groceries,Solace,5.2,4.87
1342,Orion Young,Beauty,Orion,34.69,4.4
321,Pulse Month,Groceries,Pulse,8.99,3.67
1701,Willow Executive,Electronics,Willow,513.32,4.66
1914,Astra Thing,Electronics,Astra,948.69,3.37
888,Orion Instead,Home & Kitchen,Orion,29.52,4.5
78,Willow Determine,Automotive,Willow,344.26,3.4
720,GreenLeaf Charge,Home & Kitchen,GreenLeaf,293.24,2.72
245,Astra Get,Home & Kitchen,Astra,221.48,4.61
1982,Harbor Better,Electronics,Harbor,835.66,4.29
1580,Everest Clear,Home & Kitchen,Everest,318.51,4.78
1821,Orion Off,Electronics,Orion,852.12,4.32
1025,Solace Policy,Sports,Solace,270.77,4.79
1494,NeoTech Often,Books,NeoTech,18.45,4.11
526,NeoTech Difficult,Groceries,NeoTech,9.25,2.89
79,Orion However,Pet Supplies,Orion,71.29,3.22
1730,Zenith Investment,Beauty,Zenith,232.25,2.78
608,GreenLeaf Visit,Toys,GreenLeaf,42.74,4.89
1022,GreenLeaf Save,Pet Supplies,GreenLeaf,44.54,2.78
312,Willow Let,Beauty,Willow,84.79,3.97
600,Solace Speak,Beauty,Solace,93.51,2.93
1936,Nimbus Safe,Automotive,Nimbus,413.42,3.14
1839,Zenith Few,Sports,Zenith,180.71,4.13
1448,Harbor Onto,Electronics,Harbor,1226.78,2.9
1093,Harbor By,Groceries,Harbor,21.91,3.86
150,Pulse Kitchen,Clothing,Pulse,70.84,2.59
1995,Willow Hear,Books,Willow,51.75,3.27
1522,Harbor Draw,Toys,Harbor,43.7,4.64
212,Acme Air,Electronics,Acme,246.31,3.44
389,Willow Charge,Automotive,Willow,460.66,4.77
1369,Harbor Movement,Automotive,Harbor,213.25,3.69
858,Harbor City,Clothing,Harbor,185.03,3.02
1312,Harbor Group,Sports,Harbor,208.6,3.97
1873,Acme When,Automotive,Acme,413.11,3.87
336,Acme Outside,Clothing,Acme,121.89,4.21
110,Zenith Coach,Clothing,Zenith,154.67,2.5
119,Pulse Order,Clothing,Pulse,265.21,4.77
435,Astra Least,Books,Astra,115.46,3.81
977,Pulse Rise,Electronics,Pulse,1131.3,4.25
257,Zenith Film,Sports,Zenith,220.65,3.22
1729,NeoTech Third,Books,NeoTech,67.52,3.4
248,Solace Street,Beauty,Solace,40.54,2.51
1394,GreenLeaf Give,Sports,GreenLeaf,171.06,2.58
1378,NeoTech Particular,Home & Kitchen,NeoTech,122.6,4.61
434,NeoTech Anything,Toys,NeoTech,52.83,3.36
697,Solace Ready,Electronics,Solace,1176,3.95
1309,Solace Most,Toys,Solace,52.93,4.32
1666,GreenLeaf Different,Automotive,GreenLeaf,140.52,4.33
1746,Solace Step,Beauty,Solace,32.16,4.14
22,Nimbus Sit,Clothing,Nimbus,37.65,4.54
428,Zenith Stay,Beauty,Zenith,135.76,3.11
641,Everest Benefit,Clothing,Everest,86.47,2.58
1048,Astra Beyond,Electronics,Astra,871.92,2.95
1984,Willow Eye,Books,Willow,84.86,3.08
5,Astra Capital,Home & Kitchen,Astra,198,3.97
1148,Solace Hundred,Pet Supplies,Solace,51.8,4.4
1421,Astra Mean,Electronics,Astra,371.46,4.41
1841,Willow Local,Toys,Willow,58.53,3.05
1768,GreenLeaf Name,Beauty,GreenLeaf,29.53,3.78
1137,NeoTech More,Home & Kitchen,NeoTech,170.53,4.82
1691,Everest Stop,Automotive,Everest,893.72,3.78
105,Acme Lead,Sports,Acme,146.49,3.91
486,GreenLeaf Body,Beauty,GreenLeaf,46.64,3.18
1302,Astra Establish,Sports,Astra,13.29,4.64
733,Nimbus Check,Beauty,Nimbus,97.69,4.25
577,NeoTech Peace,Books,NeoTech,19.22,2.53
1200,Nimbus Us,Toys,Nimbus,134.65,3.88
470,Zenith Gas,Pet Supplies,Zenith,59.91,3.43
1027,GreenLeaf Visit,Groceries,GreenLeaf,3.42,3.52
1600,Harbor Significant,Sports,Harbor,28.77,3.62
1147,Orion Position,Home & Kitchen,Orion,62.75,4.82
396,Willow Result,Pet Supplies,Willow,6.95,2.63
1735,Astra West,Groceries,Astra,13.04,3.27
1862,Zenith Guess,Groceries,Zenith,27.91,4.68
14,Astra Anyone,Electronics,Astra,99.56,3.67
1108,Harbor Decade,Sports,Harbor,12.42,4.14
199,Zenith While,Groceries,Zenith,10.35,4.19
1688,Zenith Mr,Sports,Zenith,59.25,4.51
1913,NeoTech Information,Groceries,NeoTech,7.76,4.12
1740,Pulse Phone,Beauty,Pulse,184.9,3.14
1579,Willow Know,Automotive,Willow,124.87,3.25
1311,Zenith Argue,Toys,Zenith,46.89,3.49
852,Pulse Two,Automotive,Pulse,18.23,3.01
1185,Harbor Pick,Clothing,Harbor,21.74,3.28
1351,GreenLeaf Billion,Pet Supplies,GreenLeaf,40.72,3.4
351,Willow Event,Toys,Willow,84.8,3.52
853,Everest Cultural,Beauty,Everest,121.17,4.25
144,GreenLeaf Interview,Automotive,GreenLeaf,224.43,4.2
1040,Willow Court,Beauty,Willow,22.15,4.13
1581,Everest Skin,Automotive,Everest,225.32,3.65
1696,Astra Woman,Clothing,Astra,313.72,3.15
769,Orion Above,Electronics,Orion,775.52,3.71
1478,Astra Deal,Toys,Astra,109.35,2.53
834,Zenith Need,Electronics,Zenith,479.8,4.64
1104,Orion Vote,Toys,Orion,85.64,4.4
1943,Nimbus More,Groceries,Nimbus,30.26,3.29
1868,Nimbus Foot,Sports,Nimbus,299.8,4.4
1114,Pulse Start,Home & Kitchen,Pulse,85.79,3.53
1035,Zenith Different,Toys,Zenith,79.55,2.91
1812,Zenith Partner,Automotive,Zenith,713.74,4.37
393,Willow Behind,Beauty,Willow,79.35,2.51
850,GreenLeaf Mean,Clothing,GreenLeaf,60.83,4.88
1567,Zenith Myself,Sports,Zenith,77.3,4.31
656,Nimbus Sell,Sports,Nimbus,165.03,2.72
1500,Nimbus Agree,Automotive,Nimbus,746.51,4.75
378,Orion Foot,Books,Orion,9.11,3.21
427,NeoTech Pick,Pet Supplies,NeoTech,37.84,4.09
1428,Harbor Somebody,Pet Supplies,Harbor,43.57,3.92
416,Nimbus Only,Home & Kitchen,Nimbus,54.42,4.25
1637,Harbor Tax,Automotive,Harbor,529.06,3.78
1384,Pulse Few,Clothing,Pulse,15.03,4.77
511,Nimbus Should,Clothing,Nimbus,34.13,2.6
464,Orion Role,Clothing,Orion,44.1,4.33
1951,Willow Perform,Pet Supplies,Willow,44.57,3.5
143,Astra Pressure,Home & Kitchen,Astra,96.76,2.52
1387,Harbor Success,Sports,Harbor,20.14,4.45
1236,NeoTech Huge,Home & Kitchen,NeoTech,204.78,2.72
156,Harbor Difference,Books,Harbor,51.52,4.34
130,NeoTech Onto,Clothing,NeoTech,152.63,2.78
1086,GreenLeaf Course,Groceries,GreenLeaf,14.44,3.81
1699,Nimbus Hit,Electronics,Nimbus,494.84,4.57
446,GreenLeaf Opportunity,Clothing,GreenLeaf,68.43,3.24
116,Acme Stock,Home & Kitchen,Acme,128.31,2.95
1226,Willow Surface,Home & Kitchen,Willow,188.55,3.88
1563,Everest Else,Books,Everest,15.87,2.7
886,Pulse Sea,Automotive,Pulse,886.77,4.79
1932,NeoTech Although,Beauty,NeoTech,87.46,2.53
516,Nimbus Threat,Sports,Nimbus,253.68,4.64
479,Astra Hospital,Pet Supplies,Astra,92.17,3.78
1722,Everest Religious,Home & Kitchen,Everest,80.1,3.51
808,Astra Herself,Clothing,Astra,125.02,3.22
1959,Everest Television,Automotive,Everest,120.33,2.99
478,Zenith Within,Clothing,Zenith,199.79,2.66
1414,Astra Here,Beauty,Astra,223.69,2.81
1723,Everest To,Pet Supplies,Everest,101.97,3.5
553,Zenith Rate,Pet Supplies,Zenith,132.7,3.9
1641,NeoTech Purpose,Automotive,NeoTech,705.88,3.24
1429,Acme Blood,Groceries,Acme,17.5,3.04
208,Solace Move,Automotive,Solace,826.18,2.71
905,Solace Star,Toys,Solace,32.73,4.6
162,Orion Most,Clothing,Orion,151.39,3.99
1425,Everest Few,Groceries,Everest,11.44,2.9
112,Orion Surface,Sports,Orion,65.21,2.69
285,Solace Foot,Beauty,Solace,12.79,3.48
560,Everest End,Toys,Everest,16.86,2.9
975,Nimbus Market,Pet Supplies,Nimbus,19.41,4.48
949,Everest Drive,Toys,Everest,19.68,4.12
746,Pulse Bad,Toys,Pulse,71.01,2.83
1388,Harbor Look,Home & Kitchen,Harbor,164.35,4.44
164,Astra Town,Books,Astra,60.85,2.81
359,Zenith Citizen,Pet Supplies,Zenith,31.35,4.83
1131,NeoTech Better,Beauty,NeoTech,127.21,3.98
830,Orion Unit,Toys,Orion,72.45,4.25
1966,Astra These,Books,Astra,77.21,3.83
1047,Pulse But,Pet Supplies,Pulse,49.09,4.58
203,Everest Drop,Groceries,Everest,31.08,4.1
821,Acme Traditional,Clothing,Acme,166.22,4.44
165,Solace Difference,Electronics,Solace,295.27,3.85
1163,Everest Child,Home & Kitchen,Everest,103.97,3.81
542,Everest Rock,Clothing,Everest,36.54,3.77
1764,Willow Maintain,Pet Supplies,Willow,30.77,4.69
1565,Pulse Decision,Toys,Pulse,50.01,4.5
436,GreenLeaf Student,Books,GreenLeaf,29.24,4.49
1072,Harbor Foreign,Automotive,Harbor,68.33,4.17
1721,Everest Investment,Home & Kitchen,Everest,343.28,3.57
1106,Pulse Result,Electronics,Pulse,1071.83,4.22
418,GreenLeaf Later,Electronics,GreenLeaf,1413.41,3.87
169,Acme Production,Books,Acme,21.36,3.9
1855,Acme Practice,Automotive,Acme,503.43,3.16
1187,Zenith Turn,Groceries,Zenith,17.65,3.89
324,Harbor Visit,Toys,Harbor,60.11,3.2
4,Nimbus South,Electronics,Nimbus,541.41,4.14
614,Solace Car,Clothing,Solace,135.38,3.3
425,GreenLeaf Land,Home & Kitchen,GreenLeaf,126.93,2.85
107,GreenLeaf Throughout,Books,GreenLeaf,118.51,2.85
908,GreenLeaf A,Electronics,GreenLeaf,462.76,3.31
109,Everest Interesting,Clothing,Everest,188.18,4.31
1376,Harbor Few,Pet Supplies,Harbor,63.96,3.96
960,Acme South,Groceries,Acme,9.31,2.5
1144,GreenLeaf Know,Clothing,GreenLeaf,96.51,3.72
395,Harbor Opportunity,Books,Harbor,56.04,3.65
1323,GreenLeaf Analysis,Books,GreenLeaf,50.42,3.4
573,Harbor Those,Home & Kitchen,Harbor,72.45,2.69
1799,Astra Protect,Groceries,Astra,20.77,3.11
462,Harbor Who,Beauty,Harbor,142.59,3.41
911,Solace Bit,Books,Solace,72,4.19
1010,Willow Interesting,Toys,Willow,69.15,2.83
1594,Pulse Worker,Clothing,Pulse,83.76,4.16
308,Harbor Score,Electronics,Harbor,930.47,4.1
49,NeoTech Help,Home & Kitchen,NeoTech,12.72,4.6
1385,Willow We,Automotive,Willow,710.57,4.02
1559,Nimbus Bar,Books,Nimbus,42.48,3.87
524,Everest Station,Toys,Everest,71.29,4.08
669,Acme Personal,Toys,Acme,36.42,4.88
11,GreenLeaf They,Pet Supplies,GreenLeaf,2.99,2.77
755,Nimbus Affect,Books,Nimbus,39.34,3.69
989,GreenLeaf Single,Groceries,GreenLeaf,16.74,3.1
655,Astra Strong,Beauty,Astra,195.39,2.99
814,Solace Song,Electronics,Solace,680.15,4.11
823,Harbor Today,Clothing,Harbor,247.47,4.21
1879,NeoTech These,Groceries,NeoTech,18.51,4.81
8,Everest Friend,Clothing,Everest,33.86,2.93
1681,Astra Compare,Books,Astra,6.08,2.81
1432,Nimbus Camera,Automotive,Nimbus,344.62,3.97
1077,Zenith Large,Clothing,Zenith,114.4,2.88
262,Astra Hear,Home & Kitchen,Astra,186.4,3.66
1983,Willow Message,Home & Kitchen,Willow,11.12,3.89
1741,Solace Sound,Electronics,Solace,957.88,2.72
831,Zenith Strong,Pet Supplies,Zenith,24.43,3.21
1978,Willow Imagine,Home & Kitchen,Willow,317.34,3.25
876,Acme Effort,Groceries,Acme,20.23,2.85
1176,Orion Increase,Electronics,Orion,610.48,3.45
1347,Astra Family,Clothing,Astra,94.95,3.24
232,Solace Interview,Home & Kitchen,Solace,180.7,4.25
44,NeoTech Possible,Toys,NeoTech,53.51,2.7
1059,Harbor Third,Beauty,Harbor,64.95,3.38
1690,Solace Professional,Sports,Solace,257.99,4.19
1051,Nimbus Tonight,Electronics,Nimbus,472.13,2.61
1172,NeoTech Attack,Home & Kitchen,NeoTech,179.46,3.63
1242,Astra Collection,Clothing,Astra,99.47,3.84
334,Pulse Something,Pet Supplies,Pulse,84.07,4.19
913,Orion Sign,Toys,Orion,32.13,4.09
1054,Orion Rate,Groceries,Orion,24.61,4.77
1367,Orion Theory,Sports,Orion,283.47,3.44
519,Pulse Money,Electronics,Pulse,769.71,4.07
197,Astra Brother,Pet Supplies,Astra,20.84,4.47
1107,Zenith Fly,Pet Supplies,Zenith,13.03,4.78
493,Pulse Manage,Beauty,Pulse,113.45,2.53
88,Everest As,Clothing,Everest,78.11,4.29
391,Nimbus Establish,Home & Kitchen,Nimbus,74.41,2.87
1410,NeoTech List,Sports,NeoTech,70.68,3.66
301,Harbor Ever,Sports,Harbor,31.57,4.7
582,Everest Beautiful,Home & Kitchen,Everest,318.63,3.86
976,Solace Billion,Automotive,Solace,398.82,3.64
1573,Zenith Civil,Toys,Zenith,50.66,3.62
95,NeoTech Certainly,Clothing,NeoTech,121.02,4.88
700,GreenLeaf Century,Clothing,GreenLeaf,186.13,2.87
997,Everest Age,Books,Everest,49.76,3.68
1161,Willow Stuff,Beauty,Willow,12.66,3.63
1654,GreenLeaf Eye,Sports,GreenLeaf,135.96,3.53
781,Pulse Bad,Pet Supplies,Pulse,94.61,4.57
583,Zenith Event,Beauty,Zenith,137.49,4.85
1732,Pulse Baby,Electronics,Pulse,417.15,2.63
986,Everest So,Sports,Everest,32.25,4.7
994,Harbor Opportunity,Toys,Harbor,27.46,2.82
1986,Willow Somebody,Books,Willow,65.24,3.49
99,GreenLeaf Effort,Groceries,GreenLeaf,24.6,4.26
629,Willow A,Sports,Willow,210.39,3.12
81,Zenith Great,Toys,Zenith,13.12,4.15
1393,Willow Several,Automotive,Willow,314.95,3.1
68,Acme Fire,Clothing,Acme,46.36,3.76
1765,GreenLeaf Its,Beauty,GreenLeaf,49.84,3.04
1142,Nimbus Last,Home & Kitchen,Nimbus,114.57,4.33
1382,Astra Guy,Automotive,Astra,93.21,3.43
771,Solace Somebody,Pet Supplies,Solace,31.43,4.09
43,Acme Significant,Clothing,Acme,148.55,3.66
563,Willow History,Beauty,Willow,101.93,4.2
996,Harbor Source,Clothing,Harbor,54.74,4.64
487,Willow Indeed,Clothing,Willow,22.21,3.4
1193,Zenith Team,Pet Supplies,Zenith,26.76,4.08
77,Solace Particular,Toys,Solace,27.21,3.91
836,NeoTech Develop,Books,NeoTech,35.24,2.53
1373,Solace Make,Electronics,Solace,815.01,2.56
343,Acme Others,Home & Kitchen,Acme,75.19,4.82
1469,Orion Method,Clothing,Orion,88.87,2.85
667,Harbor Than,Home & Kitchen,Harbor,319.47,4.81
30,Willow Budget,Clothing,Willow,139.45,3.93
103,Harbor Two,Books,Harbor,13.77,2.7
1499,Orion Follow,Automotive,Orion,598.63,2.85
1024,Astra Pull,Electronics,Astra,2338.13,3.47
747,Willow Continue,Beauty,Willow,126.37,3.83
1056,Willow Around,Beauty,Willow,32.02,4.42
802,Orion Stand,Clothing,Orion,173.34,3.74
818,Willow Indicate,Books,Willow,42.15,3.6
151,Solace Be,Groceries,Solace,23.37,3.53
289,NeoTech Position,Books,NeoTech,68.32,4.84
1180,Astra Question,Groceries,Astra,21.71,3.84
1788,Zenith Study,Electronics,Zenith,391.83,2.68
945,Astra Later,Automotive,Astra,687.01,4.2
627,Pulse Claim,Toys,Pulse,45.74,3.09
1628,Zenith Necessary,Electronics,Zenith,473.62,2.58
1488,Zenith Like,Books,Zenith,46.59,3
127,Willow May,Home & Kitchen,Willow,255.94,3.44
1769,Acme Theory,Groceries,Acme,18.76,3.51
594,Zenith Commercial,Toys,Zenith,104.27,4.35
65,Astra Community,Toys,Astra,32.09,4.26
1174,Zenith Wait,Sports,Zenith,30.81,3.43
315,Acme Room,Electronics,Acme,1620.72,4.3
1232,NeoTech Great,Pet Supplies,NeoTech,35.41,4.7
1803,NeoTech Throughout,Beauty,NeoTech,73.01,2.71
1460,Solace Top,Pet Supplies,Solace,46.12,4.81
251,Solace Bill,Beauty,Solace,64.82,2.71
1251,NeoTech Truth,Home & Kitchen,NeoTech,270.85,3.67
618,Harbor Race,Clothing,Harbor,182.11,3.1
50,Everest Easy,Clothing,Everest,108.18,4.17
170,NeoTech Imagine,Toys,NeoTech,20.19,3.57
699,Nimbus Politics,Home & Kitchen,Nimbus,204.47,4.81
75,Everest Look,Automotive,Everest,143.79,4.46
901,Willow Back,Sports,Willow,97.59,3.36
507,Willow Beyond,Home & Kitchen,Willow,208.34,2.81
1314,Orion Response,Beauty,Orion,81.49,3.94
350,Harbor Financial,Sports,Harbor,241.98,4.69
1105,Pulse A,Sports,Pulse,17.57,3.48
1182,Pulse Road,Beauty,Pulse,129.7,3.48
1381,Solace Evening,Books,Solace,43.13,4.51
1320,Pulse Five,Electronics,Pulse,828.09,3.4
839,Harbor Simple,Books,Harbor,67.27,2.64
1798,Harbor Reflect,Beauty,Harbor,116.24,3.05
1415,GreenLeaf Network,Toys,GreenLeaf,29.3,3.71
646,Zenith Study,Books,Zenith,19.76,4.09
520,Acme Appear,Beauty,Acme,161.29,2.57
1084,Zenith Black,Automotive,Zenith,111.61,4.22
1564,GreenLeaf Lead,Groceries,GreenLeaf,10.42,3.29
863,Zenith Glass,Toys,Zenith,110.71,4.12
838,Nimbus These,Clothing,Nimbus,57.65,2.85
529,Willow Out,Books,Willow,57.18,4.87
1850,Willow Amount,Beauty,Willow,129.49,3.7
168,Nimbus If,Sports,Nimbus,298.04,3.97
1175,Orion Among,Toys,Orion,22.4,3.78
633,Nimbus Seven,Beauty,Nimbus,32.11,2.82
1617,Astra Plant,Automotive,Astra,788.84,4.29
759,Acme Gun,Home & Kitchen,Acme,153.06,4.01
1062,Acme Paper,Sports,Acme,90.37,2.67
174,Zenith Run,Electronics,Zenith,960.74,3.09
1993,Zenith Rise,Pet Supplies,Zenith,68.6,3.75
1167,Everest Stock,Sports,Everest,294.72,3.44
231,Zenith Behavior,Electronics,Zenith,178.96,3.27
758,NeoTech Guess,Automotive,NeoTech,236.7,4.54
1267,Nimbus Guess,Sports,Nimbus,112.28,3.31
1739,Everest Movie,Electronics,Everest,738.47,3.72
1632,GreenLeaf Indicate,Groceries,GreenLeaf,15.64,3.1
1076,Pulse Take,Automotive,Pulse,139.06,2.85
271,Willow Include,Pet Supplies,Willow,117.63,3.29
1331,Harbor Professor,Groceries,Harbor,34.59,3.43
1178,Solace Discuss,Sports,Solace,237.68,2.98
272,Nimbus Process,Electronics,Nimbus,570.1,4.73
1322,GreenLeaf Mr,Beauty,GreenLeaf,56.87,3.19
661,Acme Black,Toys,Acme,10.61,4.03
707,Astra Another,Toys,Astra,26,3.19
1938,Harbor Himself,Books,Harbor,8.05,4.66
1787,Willow Forget,Clothing,Willow,160.19,4.45
660,Orion Red,Automotive,Orion,638.51,4.8
1811,Everest Child,Sports,Everest,197.07,2.53
1871,GreenLeaf Act,Clothing,GreenLeaf,118.36,2.75
538,GreenLeaf Painting,Toys,GreenLeaf,63.48,4.18
549,Zenith History,Books,Zenith,56.44,4.72
1511,GreenLeaf Push,Books,GreenLeaf,52.29,3.49
1162,Zenith Price,Books,Zenith,99.26,4.81
1244,Zenith Reduce,Books,Zenith,25.57,4.53
1785,Solace Even,Clothing,Solace,90.15,4.11
1141,Zenith Begin,Electronics,Zenith,363.12,2.72
1889,Astra Lead,Electronics,Astra,188.48,3.63
392,Nimbus Subject,Home & Kitchen,Nimbus,387.23,3.15
1277,NeoTech Toward,Sports,NeoTech,422.63,2.81
1467,Everest Great,Sports,Everest,342.98,4.31
290,Acme Board,Pet Supplies,Acme,44.33,3.9
522,Harbor Medical,Clothing,Harbor,17.96,3.17
222,Harbor Miss,Beauty,Harbor,21.85,3.26
1173,Willow Reach,Electronics,Willow,815.47,4.7
1520,Pulse Chair,Sports,Pulse,205,4.43
1513,Zenith Firm,Electronics,Zenith,720.05,3.66
724,Zenith Forget,Groceries,Zenith,20.92,4.51
1680,Willow Full,Automotive,Willow,294.93,4
1677,Nimbus Great,Home & Kitchen,Nimbus,300.67,3.11
505,Solace Future,Books,Solace,42.15,3.71
323,Orion Speech,Electronics,Orion,694.32,4.6
791,Pulse Piece,Books,Pulse,40.14,2.85
1477,GreenLeaf East,Beauty,GreenLeaf,25.96,3.3
1731,GreenLeaf Glass,Electronics,GreenLeaf,798.6,4.48
1908,Nimbus Whose,Clothing,Nimbus,51.78,3.81
1371,Acme Student,Sports,Acme,173.25,4.44
1591,Solace Scene,Clothing,Solace,24.97,4.5
799,Willow Prove,Automotive,Willow,434.67,4.62
483,Pulse Determine,Books,Pulse,2.83,2.96
1861,Acme Must,Books,Acme,47.06,3.54
1461,Willow Pressure,Toys,Willow,83.14,3.54
762,Everest Response,Clothing,Everest,185.46,3.87
565,Everest High,Home & Kitchen,Everest,340.5,3.52
1709,Nimbus Unit,Groceries,Nimbus,2.47,3.14
1145,Zenith Media,Home & Kitchen,Zenith,178.31,3.05
27,Willow Evening,Toys,Willow,61.59,2.7
1330,NeoTech Hair,Pet Supplies,NeoTech,65.37,4.42
1671,Nimbus Garden,Beauty,Nimbus,8.06,4.12
1742,GreenLeaf End,Electronics,GreenLeaf,814.3,3.93
506,Harbor West,Sports,Harbor,75.86,4.68
1039,Nimbus Want,Toys,Nimbus,5.98,2.99
209,Zenith Within,Clothing,Zenith,144.55,3.2
454,Solace Different,Home & Kitchen,Solace,231.49,3.58
1854,Astra Key,Sports,Astra,376.31,2.51
1733,Zenith Hour,Clothing,Zenith,166.64,3.39
1756,Astra Book,Automotive,Astra,967.83,2.92
1065,Zenith Way,Toys,Zenith,51.94,4.44
56,Astra One,Groceries,Astra,16.78,2.89
743,Harbor Fill,Electronics,Harbor,270.47,3.52
1928,Everest Coach,Beauty,Everest,31.95,3.02
797,Astra Congress,Toys,Astra,9.98,4.15
978,Everest Miss,Groceries,Everest,6.58,4.28
1578,Pulse Sea,Pet Supplies,Pulse,111.25,3.31
204,Orion Last,Pet Supplies,Orion,112.83,2.77
1759,NeoTech Story,Sports,NeoTech,407.54,4.58
1136,Nimbus Bank,Electronics,Nimbus,244.29,3.5
1019,GreenLeaf Whatever,Toys,GreenLeaf,81.68,3.61
1183,Nimbus Word,Electronics,Nimbus,1835.32,3.51
256,Orion Treat,Automotive,Orion,664.92,4
210,Nimbus Little,Toys,Nimbus,253.94,4.19
1293,Zenith Without,Toys,Zenith,9.53,3.3
1271,Solace High,Books,Solace,83.6,3.22
832,NeoTech Able,Groceries,NeoTech,8.06,4.76
320,Zenith Religious,Clothing,Zenith,47.88,2.64
738,Nimbus State,Sports,Nimbus,121.64,4.1
722,NeoTech Build,Clothing,NeoTech,104.02,4.57
1554,Astra Such,Pet Supplies,Astra,43.35,3.74
54,GreenLeaf Hair,Automotive,GreenLeaf,435.87,4.04
745,Nimbus Today,Electronics,Nimbus,1248.13,3.58
706,Solace Situation,Home & Kitchen,Solace,112.22,2.75
980,Acme Behavior,Books,Acme,53.19,3.06
122,NeoTech Tell,Toys,NeoTech,10.62,4.29
810,Willow Walk,Pet Supplies,Willow,58.46,3.86
481,Harbor Enter,Home & Kitchen,Harbor,299.45,3.68
451,Solace Camera,Electronics,Solace,228.61,3.86
236,NeoTech Process,Pet Supplies,NeoTech,42.76,2.78
1518,Zenith Board,Beauty,Zenith,128.53,2.94
1100,Nimbus Investment,Sports,Nimbus,322.77,3.8
1223,GreenLeaf Age,Books,GreenLeaf,46.87,4.18
915,Solace Subject,Home & Kitchen,Solace,231.62,3.62
744,Acme Arrive,Pet Supplies,Acme,88.68,4.02
1228,Solace Color,Groceries,Solace,3.13,3.8
666,Harbor By,Electronics,Harbor,367.54,3.72
335,NeoTech Cost,Beauty,NeoTech,93.49,3.81
1934,NeoTech Song,Automotive,NeoTech,286.31,4.73
1391,Astra Special,Toys,Astra,65.46,4.07
571,Pulse Site,Books,Pulse,40.7,3.58
134,Orion Such,Automotive,Orion,495.76,4.06
1900,NeoTech Guess,Electronics,NeoTech,1351.78,2.8
1536,Nimbus Wish,Clothing,Nimbus,37.11,3.92
1946,Solace Carry,Books,Solace,62.58,3.43
1401,Astra Reveal,Books,Astra,49.62,2.69
752,Pulse Act,Groceries,Pulse,3.57,2.64
701,Astra My,Home & Kitchen,Astra,349.01,3.07
1456,Willow Service,Sports,Willow,77.63,2.92
1786,Astra Expect,Sports,Astra,48.62,4.88
159,Nimbus Stock,Sports,Nimbus,146.05,2.61
1287,Harbor Forward,Clothing,Harbor,126.29,3.7
708,Nimbus Under,Beauty,Nimbus,208.74,2.9
1745,Solace Particular,Home & Kitchen,Solace,157.71,4.83
1345,Nimbus List,Pet Supplies,Nimbus,114.32,4.22
1749,Zenith Discuss,Beauty,Zenith,25.95,2.51
763,Everest Network,Groceries,Everest,19.51,2.93
499,Zenith Baby,Clothing,Zenith,115.81,3.31
1843,Nimbus Near,Toys,Nimbus,33.17,4.37
15,GreenLeaf Common,Pet Supplies,GreenLeaf,58.15,3.5
1687,Orion Painting,Pet Supplies,Orion,10.39,4.23
561,Nimbus Hospital,Toys,Nimbus,95.02,4.05
879,GreenLeaf Couple,Home & Kitchen,GreenLeaf,134.17,2.8
812,Solace Time,Groceries,Solace,24.2,2.8
753,Harbor Town,Beauty,Harbor,6.75,4.69
441,Nimbus Significant,Sports,Nimbus,105.75,2.96
675,Everest Side,Sports,Everest,192.22,4.47
76,Nimbus Test,Beauty,Nimbus,137.88,3.47
1006,Zenith Member,Beauty,Zenith,118.17,3.82
6,NeoTech When,Toys,NeoTech,18.61,3.2
1082,Orion Night,Groceries,Orion,1.78,3.12
927,NeoTech Bring,Electronics,NeoTech,1206.17,3.35
1718,Acme Brother,Groceries,Acme,8.74,3.94
987,Acme Wide,Pet Supplies,Acme,66.46,3.89
267,Nimbus Lawyer,Automotive,Nimbus,696.74,3.32
498,Pulse Debate,Home & Kitchen,Pulse,112.79,3.35
113,Harbor Until,Clothing,Harbor,22.55,4.39
693,GreenLeaf Job,Groceries,GreenLeaf,1.11,2.84
423,Everest Police,Pet Supplies,Everest,60.29,3.98
1127,Everest Design,Clothing,Everest,150.71,4.12
1098,Willow Choose,Pet Supplies,Willow,15.26,4.46
530,NeoTech Close,Sports,NeoTech,182.23,4.17
1829,Harbor Point,Clothing,Harbor,36.94,3.88
510,Zenith Guy,Sports,Zenith,105.34,2.87
1140,NeoTech Yourself,Sports,NeoTech,124.59,4.6
399,Astra Reveal,Books,Astra,37.4,4.29
1497,Harbor Power,Electronics,Harbor,944.56,4.16
1150,Zenith Begin,Beauty,Zenith,98.79,2.96
958,Pulse Five,Sports,Pulse,78.26,2.57
220,Everest Team,Electronics,Everest,184.85,3.14
615,NeoTech Stuff,Home & Kitchen,NeoTech,93.1,3.07
766,Pulse Sell,Clothing,Pulse,22.48,4.44
1752,GreenLeaf Tell,Home & Kitchen,GreenLeaf,412.8,3.26
1719,Zenith Natural,Home & Kitchen,Zenith,268.64,3.93
1116,Harbor Movie,Home & Kitchen,Harbor,305,3.31
624,Harbor Defense,Groceries,Harbor,29.41,4.42
1129,Harbor Two,Home & Kitchen,Harbor,305.16,3.24
36,Orion Laugh,Sports,Orion,81.88,3.64
1395,Everest Dog,Home & Kitchen,Everest,269.98,4.17
1747,Zenith Protect,Home & Kitchen,Zenith,103.92,4.57
662,Pulse For,Pet Supplies,Pulse,71.4,2.88
108,Willow Fall,Pet Supplies,Willow,41.44,4.19
1265,Harbor May,Clothing,Harbor,59.96,3.91
1975,Orion Mouth,Sports,Orion,278.14,4.22
1324,GreenLeaf Approach,Groceries,GreenLeaf,23.32,2.69
1846,Pulse Both,Groceries,Pulse,14.3,3.45
1717,Orion Society,Electronics,Orion,1551.98,4.75
607,Everest Short,Groceries,Everest,9.32,4.06
1534,Zenith Trial,Beauty,Zenith,91.4,3.83
1774,Astra Take,Groceries,Astra,22.01,4.02
1954,Astra Kitchen,Toys,Astra,26.54,2.63
1852,Everest All,Automotive,Everest,643.14,4.29
639,GreenLeaf Century,Pet Supplies,GreenLeaf,64.23,3.08
72,GreenLeaf West,Groceries,GreenLeaf,39.59,3.02
1985,Solace System,Sports,Solace,18.84,4.59
1604,Harbor Coach,Home & Kitchen,Harbor,104.38,2.59
458,Everest Black,Electronics,Everest,982.1,4.82
1595,Pulse Direction,Home & Kitchen,Pulse,214.62,4.62
482,Astra Buy,Pet Supplies,Astra,62.62,4.11
10,Orion Ahead,Sports,Orion,235.11,3.47
803,GreenLeaf Item,Electronics,GreenLeaf,953.03,3.43
742,Everest Read,Books,Everest,3.69,4.88
71,Willow Approach,Clothing,Willow,138.82,3.76
1835,Everest Indicate,Pet Supplies,Everest,76.86,4.07
152,Zenith Soon,Sports,Zenith,299.66,4.64
1865,Everest Mrs,Books,Everest,46.77,3.49
1495,Acme Soldier,Clothing,Acme,262.79,4.3
145,Willow Him,Home & Kitchen,Willow,219.69,4.77
213,NeoTech Reason,Pet Supplies,NeoTech,22.25,3.05
899,Willow Including,Beauty,Willow,97.78,3.57
786,Solace Environmental,Books,Solace,13.24,4.41
1543,Nimbus Attack,Beauty,Nimbus,147.11,3.65
740,Orion Mention,Books,Orion,73.39,2.66
1241,Harbor Foot,Sports,Harbor,14.81,3
1685,Nimbus Return,Electronics,Nimbus,319.15,4.15
1981,Pulse Fly,Groceries,Pulse,9.92,3.32
1509,Everest Reach,Beauty,Everest,30.09,3.6
1365,Willow Store,Beauty,Willow,46.5,3.94
1297,Nimbus Property,Toys,Nimbus,92.89,4.07
1337,NeoTech Occur,Toys,NeoTech,84.48,4.18
625,Acme Pass,Toys,Acme,142.94,4.72
306,Everest Air,Sports,Everest,199.78,2.86
1399,Nimbus Foreign,Books,Nimbus,40.7,4.62
1352,Astra Tend,Beauty,Astra,68.39,3.92
331,Everest Million,Sports,Everest,112.6,4.02
129,Willow Woman,Beauty,Willow,138.5,4.55
362,Zenith Check,Toys,Zenith,104.09,4.75
1030,Acme Figure,Home & Kitchen,Acme,263.8,4.76
1869,Solace At,Books,Solace,8.47,4.33
1348,Astra Early,Books,Astra,54.01,3.58
1015,Pulse Seem,Beauty,Pulse,28.49,2.7
748,Willow Remain,Clothing,Willow,128.37,2.86
1341,Harbor Visit,Automotive,Harbor,741.92,3.2
178,Solace Easy,Beauty,Solace,145.19,4.74
1479,Pulse Pm,Electronics,Pulse,624.52,2.69
1524,Zenith Along,Pet Supplies,Zenith,29.67,2.6
1621,Harbor College,Home & Kitchen,Harbor,15.11,4.76
1222,NeoTech Knowledge,Books,NeoTech,38.21,2.57
552,Solace Budget,Sports,Solace,190.22,2.85
982,NeoTech Agent,Pet Supplies,NeoTech,64.46,4.31
1748,Solace Who,Toys,Solace,56.34,3.58
141,Harbor Since,Automotive,Harbor,332.57,3.41
1962,Everest Reality,Groceries,Everest,26.13,3.22
1969,Pulse Worry,Automotive,Pulse,734.96,3.09
1189,Acme Four,Groceries,Acme,9.98,2.74
1523,Pulse Require,Groceries,Pulse,6.6,3.22
523,GreenLeaf Relate,Beauty,GreenLeaf,111.37,4.5
792,Zenith Might,Sports,Zenith,228.3,3.99
433,NeoTech Ask,Pet Supplies,NeoTech,5.28,3.46
1702,Pulse Set,Beauty,Pulse,154.05,4.07
83,Harbor Spring,Toys,Harbor,126.24,4.2
161,NeoTech Weight,Electronics,NeoTech,701.36,3.42
889,Nimbus Nice,Groceries,Nimbus,9.1,4.56
992,Nimbus See,Groceries,Nimbus,10.49,3.98
1016,Solace Glass,Electronics,Solace,542.86,3.26
453,Everest Various,Home & Kitchen,Everest,17.06,3.34
649,Pulse Six,Toys,Pulse,27.91,3.7
871,Solace Job,Toys,Solace,15.04,3.16
1615,NeoTech Camera,Automotive,NeoTech,74.61,3.79
1353,Orion Wrong,Automotive,Orion,631.36,3.14
497,Acme Owner,Books,Acme,15.21,3.69
894,Zenith Baby,Groceries,Zenith,36.53,3.86
1234,Nimbus Morning,Sports,Nimbus,488.59,3.68
1577,Solace Small,Toys,Solace,11.62,4.37
1433,NeoTech My,Automotive,NeoTech,155.2,2.76
1553,Pulse Together,Toys,Pulse,37.23,2.85
1158,Nimbus When,Books,Nimbus,18.38,3.69
1552,Nimbus Key,Automotive,Nimbus,27.47,3.66
1574,Solace Member,Sports,Solace,53.16,2.7
695,Harbor Action,Beauty,Harbor,35.1,4.79
1682,Orion Right,Toys,Orion,35.4,4.19
1408,Astra Option,Home & Kitchen,Astra,183.59,3.37
17,Solace Something,Books,Solace,25.66,3.63
501,Harbor Necessary,Books,Harbor,65.31,4.41
1866,GreenLeaf Some,Home & Kitchen,GreenLeaf,21.92,2.78
1840,Orion Capital,Electronics,Orion,567.39,3.21
1990,Zenith Page,Home & Kitchen,Zenith,431.12,4.13
1911,Solace Will,Pet Supplies,Solace,72.64,3.95
1891,Nimbus Figure,Books,Nimbus,56.77,2.73
1644,Acme Field,Beauty,Acme,157.79,2.51
1992,Astra Particularly,Electronics,Astra,1166.24,3.37
1544,Harbor Will,Pet Supplies,Harbor,2.75,2.62
999,Solace Share,Sports,Solace,112.19,3.96
1635,Nimbus South,Home & Kitchen,Nimbus,207.67,2.84
1836,Pulse Year,Toys,Pulse,56.37,4.1
1508,Pulse Ok,Electronics,Pulse,1016.69,4.32
1728,Harbor Property,Books,Harbor,82.77,3.89
957,Pulse Consider,Groceries,Pulse,20.31,3.49
508,Zenith Small,Electronics,Zenith,177.88,3.97
1044,Nimbus Every,Home & Kitchen,Nimbus,90.82,3.31
365,NeoTech In,Toys,NeoTech,98.81,3.78
1262,NeoTech Reveal,Automotive,NeoTech,229.68,2.97
1368,Pulse Gas,Books,Pulse,20.06,2.84
1904,Everest Become,Clothing,Everest,215.5,4.14
1487,Zenith Ago,Books,Zenith,52.1,2.99
146,Astra Policy,Toys,Astra,15.85,2.53
569,Zenith Control,Electronics,Zenith,925.17,4.05
260,Harbor System,Groceries,Harbor,24.11,4.68
684,GreenLeaf Reveal,Groceries,GreenLeaf,26.34,3.76
243,Zenith Hope,Home & Kitchen,Zenith,159.88,3.22
175,GreenLeaf Company,Automotive,GreenLeaf,22.44,3.04
1396,Nimbus Top,Groceries,Nimbus,21.3,3.85
63,Pulse Eight,Groceries,Pulse,18.77,3.33
1707,Willow Their,Electronics,Willow,988.62,3.91
1883,Pulse Still,Pet Supplies,Pulse,59.59,3.79
860,Everest Deep,Electronics,Everest,264.08,3.06
1952,GreenLeaf Action,Beauty,GreenLeaf,118.9,3.03
1215,GreenLeaf No,Pet Supplies,GreenLeaf,59.93,4.48
1631,Acme Real,Sports,Acme,154.57,3.73
1380,Harbor Free,Clothing,Harbor,113.22,3.08
1922,Acme Type,Automotive,Acme,201.36,2.79
117,Acme Pattern,Books,Acme,20.8,4.75
1815,Harbor Despite,Home & Kitchen,Harbor,241.73,2.66
1792,Harbor Notice,Pet Supplies,Harbor,70.76,3.75
300,Astra May,Groceries,Astra,26.88,4.77
1370,Harbor Beat,Clothing,Harbor,38.92,3.94
1465,Astra Happen,Beauty,Astra,111.79,4.21
101,Willow Cultural,Clothing,Willow,32.69,2.69
734,Acme Like,Clothing,Acme,86.34,4.58
783,Acme View,Automotive,Acme,134.24,3.39
1474,Astra Write,Groceries,Astra,11.31,4.39
555,Acme Of,Electronics,Acme,1407.61,2.52
1817,Harbor Not,Beauty,Harbor,87.54,2.91
1203,Harbor Would,Home & Kitchen,Harbor,97.36,3.91
1149,Nimbus Military,Automotive,Nimbus,247.43,3.54
62,Willow Room,Pet Supplies,Willow,52.54,2.85
1418,Zenith Certainly,Books,Zenith,3.45,2.92
363,GreenLeaf Team,Beauty,GreenLeaf,61.12,4.08
929,Nimbus Learn,Beauty,Nimbus,69.43,3.92
1440,NeoTech Despite,Sports,NeoTech,55.11,4.37
307,GreenLeaf Note,Home & Kitchen,GreenLeaf,354.49,4.2
33,Pulse Officer,Toys,Pulse,44.46,3.6
1202,Zenith Anyone,Pet Supplies,Zenith,63.61,4.09
1602,Everest Take,Clothing,Everest,260.17,3.79
242,Astra Number,Pet Supplies,Astra,51.96,2.9
128,Everest Smile,Clothing,Everest,55.25,4.74
1318,Orion Skill,Beauty,Orion,66.97,4.66
1096,Acme Idea,Sports,Acme,259.72,3.35
965,Acme Off,Electronics,Acme,295.84,3.93
1519,Harbor Issue,Clothing,Harbor,130.87,4.32
567,Orion Democrat,Home & Kitchen,Orion,190.38,2.9
276,Solace Travel,Automotive,Solace,297.47,4.64
603,Zenith Example,Sports,Zenith,360.29,2.79
939,Zenith Now,Pet Supplies,Zenith,42.57,3.87
857,Nimbus Present,Pet Supplies,Nimbus,53.5,4.88
739,Everest Shake,Beauty,Everest,70.13,2.52
1075,Harbor Describe,Books,Harbor,37.33,2.57
397,Pulse Receive,Books,Pulse,5.67,3.92
263,Solace Most,Groceries,Solace,12.76,3.47
244,Everest Sell,Books,Everest,69.29,4.08
842,NeoTech Who,Home & Kitchen,NeoTech,239.55,3.9
696,Solace Glass,Automotive,Solace,110.1,4.54
327,Orion Television,Pet Supplies,Orion,98.15,3.38
1426,Nimbus Attorney,Home & Kitchen,Nimbus,187.75,2.99
123,Solace Everyone,Clothing,Solace,244.44,3.38
1640,GreenLeaf Do,Beauty,GreenLeaf,10.87,2.75
1249,GreenLeaf Even,Books,GreenLeaf,48.72,3.41
1283,Orion Hit,Clothing,Orion,187.33,3.04
1776,Orion Push,Books,Orion,56.21,4.6
1929,Willow Front,Books,Willow,90.65,4.04
1328,NeoTech Act,Toys,NeoTech,31.04,2.57
1892,Willow Need,Electronics,Willow,1287.95,4.71
1033,Orion Daughter,Toys,Orion,54.61,3.49
376,Zenith Color,Automotive,Zenith,549.81,2.6
1243,GreenLeaf Design,Sports,GreenLeaf,148.87,2.72
1972,Pulse Establish,Pet Supplies,Pulse,38.53,2.93
941,Solace Across,Clothing,Solace,25.1,3.23
180,Orion Upon,Home & Kitchen,Orion,400.2,3.42
1531,Pulse Race,Pet Supplies,Pulse,49.15,2.8
367,Willow West,Books,Willow,38.32,3.68
1117,Astra Water,Automotive,Astra,894.8,2.58
631,Acme Give,Sports,Acme,150.4,2.74
1772,Acme Then,Clothing,Acme,20.18,4.07
1431,Pulse Guy,Sports,Pulse,243.43,3.65
1584,NeoTech Rich,Groceries,NeoTech,1.21,4.18
1716,Acme Surface,Toys,Acme,96.19,4.73
963,Zenith By,Toys,Zenith,40.92,2.96
1284,Pulse Can,Beauty,Pulse,153.71,3.81
606,Everest Since,Clothing,Everest,138.24,4.74
1926,GreenLeaf If,Toys,GreenLeaf,47.03,4.38
1920,Pulse Against,Sports,Pulse,175.83,4.05
352,Everest Daughter,Toys,Everest,112.71,3.97
1252,GreenLeaf Reveal,Pet Supplies,GreenLeaf,76.91,3.01
443,Astra Great,Sports,Astra,61.6,4.87
687,Everest Particularly,Sports,Everest,158.55,3.24
1482,Harbor Per,Pet Supplies,Harbor,37.9,4.85
903,Pulse Paper,Toys,Pulse,85.46,3.18
1470,Willow Against,Groceries,Willow,7.41,4.13
1827,Acme Road,Home & Kitchen,Acme,125.56,2.91
190,Solace With,Pet Supplies,Solace,34.94,3.25
1652,Nimbus Word,Sports,Nimbus,188.49,3.65
1492,Nimbus Economic,Toys,Nimbus,119.02,4.85
541,Zenith List,Home & Kitchen,Zenith,102.1,3.9
181,Willow Box,Automotive,Willow,763.34,2.71
400,Orion Thus,Electronics,Orion,423.67,2.58
767,Everest Family,Automotive,Everest,327.68,2.61
737,Zenith Pm,Clothing,Zenith,92.23,4.32
1656,Orion Administration,Pet Supplies,Orion,20.13,2.8
364,Pulse Mr,Beauty,Pulse,41.57,3.61
2,NeoTech Someone,Groceries,NeoTech,21.46,3.87
138,Pulse True,Home & Kitchen,Pulse,57.52,4.06
31,Pulse The,Books,Pulse,37.01,3.37
658,Nimbus Radio,Books,Nimbus,60.39,2.73
638,Everest Beautiful,Toys,Everest,76.4,3.45
592,Astra Receive,Electronics,Astra,320.65,4.2
575,Pulse Or,Automotive,Pulse,338,4.42
1807,Nimbus Maintain,Electronics,Nimbus,557.39,3.67
1967,Harbor Reach,Pet Supplies,Harbor,18.89,2.83
1974,Astra Animal,Automotive,Astra,282.64,4
974,Everest Unit,Groceries,Everest,18.15,3.12
1195,Astra Can,Groceries,Astra,16.88,3.01
550,Nimbus Someone,Books,Nimbus,29.83,4.64
546,Willow Society,Home & Kitchen,Willow,292.19,2.57
1419,GreenLeaf Process,Automotive,GreenLeaf,990.68,3.86
1906,GreenLeaf Sport,Books,GreenLeaf,17.73,3
223,Solace Six,Clothing,Solace,56.92,3.95
914,Harbor Meeting,Pet Supplies,Harbor,97.63,4.21
1539,Willow Into,Clothing,Willow,103.59,2.58
1160,Everest Compare,Sports,Everest,88.97,2.5
1816,Willow Catch,Automotive,Willow,91.42,2.79
1569,Everest Develop,Clothing,Everest,51.05,4.46
946,Everest Modern,Books,Everest,35.56,2.89
1606,GreenLeaf Stage,Electronics,GreenLeaf,1097.96,4.45
157,GreenLeaf Ask,Beauty,GreenLeaf,195.21,4.02
1965,Orion Child,Pet Supplies,Orion,81.47,3.1
1473,Orion Former,Toys,Orion,88.39,3.14
1310,Solace Throw,Home & Kitchen,Solace,195.3,3.53
1658,Harbor Agree,Clothing,Harbor,20.37,3.92
408,GreenLeaf Green,Pet Supplies,GreenLeaf,10.52,3.72
961,Solace Close,Automotive,Solace,698.45,4.55
226,Solace School,Clothing,Solace,118.33,2.8
906,Acme Happy,Beauty,Acme,26.49,4.74
1153,NeoTech Car,Home & Kitchen,NeoTech,19.55,4.17
314,Everest According,Books,Everest,79.29,4.76
347,Astra Significant,Pet Supplies,Astra,19.77,3.89
1212,Harbor Be,Clothing,Harbor,49.21,2.51
1639,Everest Single,Clothing,Everest,253.6,3.94
452,Zenith Total,Books,Zenith,37.56,4.64
642,Acme Group,Electronics,Acme,1816.28,3.65
372,Solace Particular,Pet Supplies,Solace,100.33,4.07
196,Willow Expert,Beauty,Willow,11.83,3.38
1156,Harbor Hear,Books,Harbor,96.56,3.87
1771,GreenLeaf Guess,Sports,GreenLeaf,120.32,4.36
962,Everest May,Clothing,Everest,274.66,4.23
1940,Acme Road,Sports,Acme,115.22,2.78
1099,GreenLeaf List,Books,GreenLeaf,33.06,4.49
940,Willow Blood,Automotive,Willow,658.02,3.25
1437,Solace Hundred,Pet Supplies,Solace,47.35,2.95
47,Acme Together,Beauty,Acme,94.71,3.71
728,Solace Around,Beauty,Solace,34,2.92
1060,Zenith Structure,Home & Kitchen,Zenith,307.27,4.85
1767,Harbor Laugh,Beauty,Harbor,254.74,4.73
349,Zenith Need,Electronics,Zenith,474.22,3.07
311,Pulse Money,Beauty,Pulse,110.72,4.69
635,Acme Provide,Books,Acme,14.99,3.14
878,Orion Thought,Books,Orion,56.03,4.56
457,Pulse Boy,Sports,Pulse,33,4.35
135,NeoTech Society,Sports,NeoTech,49.41,3.85
480,Harbor Enjoy,Pet Supplies,Harbor,60.33,4.31
1834,Nimbus Person,Automotive,Nimbus,32.08,3.56
1486,Acme Key,Home & Kitchen,Acme,151.5,3.04
846,Willow Recent,Automotive,Willow,226.36,3.51
166,Harbor Significant,Toys,Harbor,103.35,3.12
595,GreenLeaf History,Books,GreenLeaf,100.62,4.29
800,Acme Whom,Pet Supplies,Acme,24.98,4.44
534,Astra Speak,Pet Supplies,Astra,19.24,4.49
1211,Pulse Major,Home & Kitchen,Pulse,9.28,2.64
1188,Astra Study,Toys,Astra,61.06,3.4
671,Solace Treat,Toys,Solace,84.7,3.59
1379,Willow Pressure,Home & Kitchen,Willow,61.86,4.04
318,Willow Position,Pet Supplies,Willow,91.92,4.25
716,Acme Factor,Electronics,Acme,273.91,4.48
1255,Harbor Discuss,Groceries,Harbor,37.59,2.93
1443,Pulse Scene,Books,Pulse,28.43,4.42
872,Astra Begin,Sports,Astra,51.33,2.97
715,Astra Style,Books,Astra,49.84,2.56
277,Orion Their,Beauty,Orion,43.39,3.03
39,NeoTech A,Clothing,NeoTech,33.41,4.75
864,NeoTech Decide,Clothing,NeoTech,168.44,3.48
1971,Everest Source,Groceries,Everest,22.59,4.03
1530,NeoTech Collection,Sports,NeoTech,125.28,2.51
804,Harbor Crime,Toys,Harbor,72.33,2.7
824,Nimbus Report,Beauty,Nimbus,83.11,4.8
249,NeoTech Husband,Books,NeoTech,64.76,2.84
60,Nimbus Interesting,Toys,Nimbus,81.57,2.56
200,Zenith Story,Groceries,Zenith,13.85,3.37
1216,Solace Well,Groceries,Solace,7.42,3.43
841,Pulse Daughter,Pet Supplies,Pulse,34.32,2.52
238,Harbor Follow,Sports,Harbor,168.05,3.88
1110,Zenith Again,Toys,Zenith,143.9,4.4
719,NeoTech Network,Beauty,NeoTech,134.95,3.02
1624,Pulse Join,Clothing,Pulse,50.81,4.64
1,Astra Be,Clothing,Astra,157.89,4.08
611,Astra Production,Beauty,Astra,108.27,2.8
1575,Nimbus Approach,Groceries,Nimbus,32.63,2.98
26,Pulse Such,Automotive,Pulse,742.47,2.85
382,Astra Understand,Automotive,Astra,466.25,3.04
292,GreenLeaf Who,Automotive,GreenLeaf,203.3,3.2
576,Zenith Air,Pet Supplies,Zenith,9.8,4.48
404,Astra Grow,Sports,Astra,208.05,4.61
518,Willow Newspaper,Groceries,Willow,20.15,4.77
160,Acme Cold,Electronics,Acme,259.69,2.73
316,NeoTech Also,Toys,NeoTech,72.21,3.8
214,Everest Even,Home & Kitchen,Everest,191.69,2.53
104,Solace Interesting,Beauty,Solace,40.38,2.97
186,NeoTech Not,Electronics,NeoTech,231.15,3.7
1782,Zenith Security,Clothing,Zenith,66.11,4
1551,GreenLeaf Reflect,Groceries,GreenLeaf,11.78,2.68
859,Pulse Decide,Electronics,Pulse,422.22,3.51
628,Astra Small,Electronics,Astra,612.23,4.58
1198,Everest Memory,Pet Supplies,Everest,58.11,2.54
711,Solace Really,Electronics,Solace,536.33,3.98
111,GreenLeaf Bar,Clothing,GreenLeaf,55.21,3.86
664,Harbor Size,Automotive,Harbor,675.42,3.75
809,GreenLeaf Carry,Clothing,GreenLeaf,232.34,3.92
1773,Orion Event,Groceries,Orion,12.34,3.21
1726,Zenith Control,Toys,Zenith,25.89,4.41
283,Everest Image,Beauty,Everest,42.47,4.42
1197,Harbor Allow,Electronics,Harbor,689.05,3.25
1225,Orion Begin,Automotive,Orion,36.52,2.87
409,Pulse Idea,Groceries,Pulse,11.8,4.77
1572,Everest Stop,Pet Supplies,Everest,67.51,4.79
1842,Orion Kitchen,Books,Orion,29.1,4.12
776,Pulse Study,Clothing,Pulse,41.51,3.81
86,Orion And,Pet Supplies,Orion,5.54,4.63
882,Nimbus Somebody,Sports,Nimbus,215.65,4.55
1923,Solace Surface,Toys,Solace,38.31,3.16
85,Astra Make,Automotive,Astra,462.62,3.21
1466,Orion Fund,Beauty,Orion,104.54,3.29
371,NeoTech Stand,Groceries,NeoTech,19.06,4.9
1874,Willow Show,Electronics,Willow,605.36,3.56
496,Willow Property,Toys,Willow,100.66,2.86
887,Acme Democratic,Automotive,Acme,670.63,4.14
1705,Astra Marriage,Groceries,Astra,10.96,4.16
1633,Nimbus Drive,Home & Kitchen,Nimbus,132.13,3.85
1692,Acme Effect,Automotive,Acme,108.67,4.64
870,Orion Thought,Clothing,Orion,132.71,3.32
1208,Pulse All,Automotive,Pulse,600.89,4.83
1744,Acme Artist,Electronics,Acme,1797.55,3.21
273,Willow Seem,Automotive,Willow,913.33,2.55
867,GreenLeaf Everybody,Clothing,GreenLeaf,183.87,3.85
386,Pulse Born,Automotive,Pulse,495.1,3.61
936,Acme Clear,Home & Kitchen,Acme,236.97,3.79
1538,Astra Pressure,Pet Supplies,Astra,72.49,2.74
1192,Pulse Street,Home & Kitchen,Pulse,73.31,2.94
1678,Orion Attack,Automotive,Orion,627.99,4.03
562,Willow Exist,Clothing,Willow,23.79,3.15
869,Harbor Nature,Sports,Harbor,146.17,3.17
919,Willow Value,Toys,Willow,33.99,2.92
1665,Astra Might,Toys,Astra,76.59,4.3
955,Solace So,Sports,Solace,226.85,2.84
1213,Nimbus Enough,Sports,Nimbus,12.47,4.8
1028,Harbor Case,Beauty,Harbor,150.45,4.5
69,Harbor Student,Pet Supplies,Harbor,106.99,3.09
1596,Pulse Eight,Beauty,Pulse,38.16,3.64
1611,Willow Benefit,Electronics,Willow,1028.88,2.86
38,Astra Enter,Toys,Astra,44.23,3.85
1340,GreenLeaf Likely,Pet Supplies,GreenLeaf,70.7,4.54
1541,Solace Tv,Automotive,Solace,636.16,3.93
532,Pulse Commercial,Clothing,Pulse,21.52,4.71
1276,Harbor Forget,Clothing,Harbor,39.32,3.35
1851,Acme Wife,Pet Supplies,Acme,9.25,3.77
1870,Acme Subject,Automotive,Acme,383.26,3.16
1998,Solace Practice,Beauty,Solace,105.48,4.73
1609,Nimbus Hold,Books,Nimbus,29.15,2.55
1970,Astra Success,Beauty,Astra,136.74,4.48
87,Pulse Fine,Home & Kitchen,Pulse,339.43,3.38
735,Nimbus City,Automotive,Nimbus,639.96,3.45
760,Zenith North,Beauty,Zenith,20.41,4.88
1955,Astra Remain,Beauty,Astra,124.68,4.88
1880,Orion Coach,Books,Orion,55.14,2.93
983,Everest Meet,Home & Kitchen,Everest,23.58,4.51
1224,Harbor Last,Toys,Harbor,108.97,3.62
1029,Zenith Might,Groceries,Zenith,12.31,4.43
620,Orion Consider,Groceries,Orion,9.49,2.85
1390,Willow Position,Automotive,Willow,293.83,3.79
1389,GreenLeaf Sea,Groceries,GreenLeaf,20.84,4.23
1305,Nimbus Drug,Automotive,Nimbus,864.19,2.69
387,Acme Store,Automotive,Acme,435.72,3.9
1412,Everest Exactly,Home & Kitchen,Everest,318.64,3.09
1327,Acme Process,Groceries,Acme,3.61,4.59
944,GreenLeaf Cut,Clothing,GreenLeaf,20.32,4.3
670,GreenLeaf Evidence,Pet Supplies,GreenLeaf,79.6,3.87
1094,Astra Type,Groceries,Astra,11.95,3.52
1542,Willow Message,Electronics,Willow,355.14,2.52
953,Everest Century,Sports,Everest,163.08,4.47
274,Acme Break,Electronics,Acme,1197.44,3.53
1949,Astra Make,Books,Astra,19.54,4.01
588,Everest She,Pet Supplies,Everest,19.35,3.18
895,Harbor Risk,Groceries,Harbor,34.1,3.55
449,GreenLeaf Left,Groceries,GreenLeaf,18.64,2.73
1403,Willow At,Sports,Willow,343.39,2.9
58,Astra Power,Electronics,Astra,788.21,3.41
689,Nimbus Morning,Groceries,Nimbus,18.5,2.68
502,Orion Student,Sports,Orion,442.12,3.25
1576,Nimbus Treat,Sports,Nimbus,51.04,4.64
710,Zenith Too,Sports,Zenith,110.33,3.26
683,Orion Paper,Toys,Orion,15.22,4.29
1139,Willow Past,Home & Kitchen,Willow,264.04,4.71
468,Astra Dream,Sports,Astra,36.4,4.14
559,Zenith Hope,Sports,Zenith,59.17,4.12
1801,Harbor Wrong,Sports,Harbor,365.24,3.12
381,Solace Chance,Sports,Solace,177.64,2.87
426,Nimbus Gun,Home & Kitchen,Nimbus,244.16,4.24
1754,Zenith Something,Groceries,Zenith,1.78,2.68
1583,Orion Up,Groceries,Orion,13.54,4.46
32,Orion Itself,Clothing,Orion,265.99,3.75
1245,Harbor Accept,Beauty,Harbor,71.41,3.96
485,NeoTech Several,Groceries,NeoTech,9.97,2.59
182,Acme Cause,Books,Acme,9.27,2.83
291,Nimbus Goal,Books,Nimbus,50.3,4.89
282,Solace Represent,Beauty,Solace,154.03,4.79
1999,Willow Old,Automotive,Willow,116.13,2.75
59,Orion Short,Clothing,Orion,176.48,3.98
970,Acme Art,Pet Supplies,Acme,54.77,2.84
1459,Harbor Much,Pet Supplies,Harbor,30.01,2.59
1809,Zenith Board,Home & Kitchen,Zenith,131.75,2.77
1818,Willow Prepare,Beauty,Willow,70.39,4.11
613,Pulse Physical,Automotive,Pulse,300.24,2.83
124,Everest Yes,Home & Kitchen,Everest,36.32,2.85
1383,Everest Professional,Groceries,Everest,19.17,2.69
849,Zenith Road,Automotive,Zenith,157.67,3.82
1994,GreenLeaf Concern,Beauty,GreenLeaf,57.21,4.74
540,Zenith Foreign,Automotive,Zenith,337.8,3.08
1751,Everest Make,Beauty,Everest,60.7,4.43
775,Everest Real,Clothing,Everest,69.1,3.82
1775,Zenith Religious,Groceries,Zenith,23.52,4.55
171,Astra Protect,Toys,Astra,47.33,3.24
825,Harbor National,Clothing,Harbor,23.92,4.35
599,Nimbus Analysis,Groceries,Nimbus,11.71,4.41
1976,Orion Size,Beauty,Orion,133.71,3.37
1585,Everest Several,Home & Kitchen,Everest,45.55,3.37
587,Zenith Friend,Books,Zenith,15.87,3.92
1240,Nimbus Many,Home & Kitchen,Nimbus,470.89,4.33
1762,Harbor Vote,Electronics,Harbor,476.36,3.08
820,Orion Get,Automotive,Orion,974.16,2.51
329,Astra Support,Toys,Astra,106.81,3.02
303,Willow Note,Electronics,Willow,1535.55,4.2
1375,Astra Owner,Electronics,Astra,1993.95,2.52
1427,Acme Rich,Sports,Acme,238.36,3.04
163,GreenLeaf Simply,Beauty,GreenLeaf,31.44,3.84
1270,Everest Raise,Pet Supplies,Everest,133.78,3.47
193,Everest Nearly,Automotive,Everest,794.73,4.21
1988,Acme Character,Automotive,Acme,202.98,3.26
1268,NeoTech Clearly,Toys,NeoTech,50.17,3.73
448,Zenith Stop,Pet Supplies,Zenith,66.33,2.57
622,GreenLeaf Call,Electronics,GreenLeaf,865.55,3.91
1011,Astra Many,Pet Supplies,Astra,48.22,4.42
1953,Orion International,Electronics,Orion,955.5,4.13
176,Orion Rock,Toys,Orion,111.48,4.8
651,Solace Option,Automotive,Solace,926.15,3.53
1496,Astra Cost,Beauty,Astra,52.25,3.32
21,Willow Special,Electronics,Willow,1772.36,2.9
1126,NeoTech Style,Books,NeoTech,50.15,4.34
207,GreenLeaf Painting,Clothing,GreenLeaf,227.28,3.4
589,Astra Next,Toys,Astra,88.66,4.86
1034,Nimbus Imagine,Home & Kitchen,Nimbus,15.62,2.78
1220,Willow Rich,Electronics,Willow,697.76,4.79
466,Nimbus Congress,Clothing,Nimbus,76.15,2.61
698,Everest Represent,Pet Supplies,Everest,48.4,2.72
616,Acme Indeed,Toys,Acme,28.51,4.48
380,Solace Social,Home & Kitchen,Solace,148.33,2.57
591,GreenLeaf Pull,Books,GreenLeaf,55.44,4.65
892,GreenLeaf Measure,Toys,GreenLeaf,67.1,4.86
969,Astra A,Toys,Astra,12.65,2.74
984,Pulse Possible,Home & Kitchen,Pulse,244.36,3.13
931,Willow Production,Automotive,Willow,273.71,3.34
29,Solace Player,Automotive,Solace,357.87,4.32
1452,Harbor Significant,Home & Kitchen,Harbor,505.82,2.92
1420,NeoTech Democrat,Clothing,NeoTech,114.66,2.61
1181,Pulse Throughout,Pet Supplies,Pulse,66.6,3.77
880,Harbor Gas,Sports,Harbor,401.23,4.36
202,Harbor Body,Groceries,Harbor,26.28,3.51
990,Orion Save,Automotive,Orion,66.52,4.48
1918,Harbor Close,Sports,Harbor,103.58,3.93
1009,Orion Pull,Sports,Orion,32.46,2.86
1902,Acme Such,Sports,Acme,165.59,3.45
1119,Nimbus Minute,Beauty,Nimbus,74.08,3.62
1546,Nimbus Head,Toys,Nimbus,100.3,3.9
1888,NeoTech Late,Groceries,NeoTech,16.14,2.95
1808,Astra Pull,Pet Supplies,Astra,49.88,3.29
966,Harbor Buy,Electronics,Harbor,1151.47,4.37
1627,Nimbus Happy,Groceries,Nimbus,11.67,4.12
623,Pulse Pass,Books,Pulse,52.95,3.06
1734,Astra About,Home & Kitchen,Astra,68.37,3.99
1505,NeoTech Score,Clothing,NeoTech,142.27,3.54
194,Nimbus Consider,Toys,Nimbus,59.65,4.83
676,Acme Push,Beauty,Acme,21.12,2.85
512,Nimbus Knowledge,Sports,Nimbus,101.36,4.22
1464,Pulse Production,Beauty,Pulse,28.37,2.54
1667,Solace Serve,Toys,Solace,38.11,4.38
1857,GreenLeaf Improve,Toys,GreenLeaf,92.99,3.23
845,Nimbus Whole,Groceries,Nimbus,11.14,4.4
1643,Acme Show,Clothing,Acme,58.73,3.63
132,Willow Recently,Clothing,Willow,135.87,2.56
827,Willow Cell,Books,Willow,52.53,4.29
369,Everest Against,Toys,Everest,15.41,3.26
341,Pulse Serious,Sports,Pulse,53.26,3.26
1413,Zenith Part,Pet Supplies,Zenith,55.76,3.56
1712,Zenith Management,Home & Kitchen,Zenith,260.48,3.55
1636,Solace Administration,Toys,Solace,16.95,3.1
636,GreenLeaf Save,Automotive,GreenLeaf,94.4,3.78
280,Zenith Cold,Groceries,Zenith,23.41,3.42
445,Willow Sit,Pet Supplies,Willow,11.9,4.14
355,Orion Whatever,Electronics,Orion,577.93,4.02
1235,Everest Manage,Groceries,Everest,11.4,4.28
855,Acme Room,Sports,Acme,366.84,3.4
535,Willow Exactly,Clothing,Willow,62.96,4.14
270,Zenith Break,Books,Zenith,44.29,4.64
158,Zenith Accept,Sports,Zenith,314.58,4.02
1878,Pulse Computer,Home & Kitchen,Pulse,212.46,4.51
370,Everest Property,Automotive,Everest,201.91,3.3
140,NeoTech Center,Pet Supplies,NeoTech,20.93,3.78
580,Solace His,Beauty,Solace,134.99,4.43
948,Harbor Several,Groceries,Harbor,21.02,2.75
356,Willow If,Pet Supplies,Willow,67.94,2.69
813,Orion Smile,Clothing,Orion,205.74,2.69
1597,Harbor Place,Books,Harbor,7.37,3.15
82,Acme Special,Groceries,Acme,2.92,4.56
674,GreenLeaf Seem,Pet Supplies,GreenLeaf,21.11,3.85
264,Acme Account,Electronics,Acme,1006.47,3.07
1092,Orion Enter,Clothing,Orion,20.74,3.08
121,Everest Food,Home & Kitchen,Everest,390.29,4.28
942,Acme Memory,Clothing,Acme,157,4.58
1996,NeoTech Turn,Home & Kitchen,NeoTech,69.46,4.28
266,Astra Success,Home & Kitchen,Astra,45.35,3.54
1295,Acme Answer,Clothing,Acme,80.66,4.68
750,Astra Leader,Beauty,Astra,44.38,4.56
1122,Nimbus At,Beauty,Nimbus,13.85,2.56
1916,GreenLeaf Feel,Home & Kitchen,GreenLeaf,286.99,4.31
883,Astra Find,Sports,Astra,139.02,2.95
268,Willow Officer,Automotive,Willow,253.41,4.6
234,NeoTech Fear,Electronics,NeoTech,375.37,3.59
866,Willow Very,Beauty,Willow,74.5,3.08
100,Nimbus Night,Books,Nimbus,53.39,4.01
1143,Orion Number,Electronics,Orion,1338.53,3.7
490,Nimbus Give,Sports,Nimbus,203.83,4.12
41,Harbor Recent,Books,Harbor,94.35,2.87
1657,Solace Table,Groceries,Solace,25.99,4.61
1281,Solace Loss,Pet Supplies,Solace,43.98,4.69
484,Everest Almost,Beauty,Everest,104.34,4.89
219,NeoTech Film,Pet Supplies,NeoTech,82.2,2.96
652,Pulse Wait,Clothing,Pulse,76.67,3.2
1795,Orion Focus,Home & Kitchen,Orion,386.25,2.77
956,Harbor Suggest,Pet Supplies,Harbor,61.9,4.15
756,Solace Resource,Toys,Solace,31.72,2.74
677,Astra Cost,Pet Supplies,Astra,17.6,3.85
833,Acme Option,Home & Kitchen,Acme,63.08,4.32
293,Astra Season,Sports,Astra,122.71,3.34
817,Orion Adult,Beauty,Orion,134.54,2.8
685,Pulse Range,Automotive,Pulse,113.14,4.81
772,NeoTech Identify,Pet Supplies,NeoTech,85.27,2.61
1362,Orion Ten,Beauty,Orion,82.69,3.12
1939,Solace Other,Pet Supplies,Solace,47.96,4.83
19,Acme Live,Automotive,Acme,225.87,3.04
1447,Acme May,Beauty,Acme,26.07,4.23
789,Zenith Game,Toys,Zenith,87.48,4.25
1307,Zenith Choice,Home & Kitchen,Zenith,373.9,4.12
1548,Solace Life,Automotive,Solace,243.71,3.41
610,GreenLeaf Side,Home & Kitchen,GreenLeaf,101.29,2.55
964,Everest Some,Groceries,Everest,32.78,2.89
1535,Astra Speak,Pet Supplies,Astra,48.09,4.68
1138,Orion Push,Pet Supplies,Orion,65.95,4.56
1453,Nimbus Or,Home & Kitchen,Nimbus,189.88,2.72
28,Astra Road,Automotive,Astra,313.89,2.56
1049,Zenith Their,Electronics,Zenith,1599.98,3.71
1199,Willow Early,Toys,Willow,5.53,2.6
605,Zenith Dog,Clothing,Zenith,83.17,4.32
874,Acme American,Electronics,Acme,725.63,2.72
1483,Astra Cup,Pet Supplies,Astra,77.99,4.68
654,Pulse Run,Toys,Pulse,20.06,3.74
1282,Solace Movie,Beauty,Solace,62.28,4.79
514,Everest Despite,Home & Kitchen,Everest,201.55,4.66
1326,GreenLeaf Interview,Clothing,GreenLeaf,61.39,4
910,Orion Group,Electronics,Orion,2337.85,3.44
1948,GreenLeaf Front,Toys,GreenLeaf,39.02,4.74
1810,NeoTech Tend,Clothing,NeoTech,61.15,3.48
1026,Harbor Hospital,Clothing,Harbor,168.25,3.89
1186,Solace Commercial,Groceries,Solace,26.74,2.63
928,Solace Give,Pet Supplies,Solace,55.21,3.43
1802,Everest In,Toys,Everest,97.72,2.57
155,Harbor Firm,Books,Harbor,12.17,3.07
247,Solace Finish,Books,Solace,10.2,3.76
847,Acme Year,Home & Kitchen,Acme,165.89,3.57
1151,Zenith Sit,Pet Supplies,Zenith,32.07,4.52
1257,Nimbus Small,Automotive,Nimbus,854.8,3.66
1935,NeoTech Watch,Books,NeoTech,77.28,3.83
398,Nimbus Mr,Pet Supplies,Nimbus,108.65,4.59
1463,Harbor Doctor,Books,Harbor,8.44,3.68
1824,Solace Foreign,Electronics,Solace,1233.6,3.48
539,Zenith Skill,Clothing,Zenith,45.11,3.38
1272,Willow Wall,Beauty,Willow,123.68,3.45
536,NeoTech Rise,Pet Supplies,NeoTech,6.85,3.91
1264,Orion Western,Home & Kitchen,Orion,97.57,2.84
154,Harbor Bill,Toys,Harbor,32.06,4.21
1218,NeoTech Food,Groceries,NeoTech,2.48,2.9
1354,Harbor Development,Toys,Harbor,96.63,2.93
848,Astra Finally,Clothing,Astra,97.68,2.66
721,GreenLeaf Measure,Toys,GreenLeaf,52.92,3.74
1757,Zenith Both,Home & Kitchen,Zenith,206.86,4.71
1070,Harbor Which,Home & Kitchen,Harbor,152.24,3.22
450,Orion Take,Books,Orion,15.69,3.76
1325,Willow Fill,Groceries,Willow,13.34,2.88
584,Astra Bill,Books,Astra,85.22,2.9
189,Astra Agree,Pet Supplies,Astra,4.19,3.15
1884,Everest Type,Groceries,Everest,15.66,3.23
1813,Pulse Soon,Pet Supplies,Pulse,54.41,2.86
712,GreenLeaf Window,Clothing,GreenLeaf,97.46,4.56
417,Astra Lose,Beauty,Astra,218.42,4.27
45,Nimbus Wrong,Automotive,Nimbus,36.34,4.81
1118,Willow Attorney,Sports,Willow,96.96,3.75
1501,Willow Wind,Books,Willow,17.28,3.84
46,Pulse Project,Pet Supplies,Pulse,19.09,4.52
133,Solace Team,Pet Supplies,Solace,25.97,4.21
61,Astra Fly,Automotive,Astra,369.87,3.66
1919,GreenLeaf Look,Beauty,GreenLeaf,40.84,4.01
713,Harbor Other,Books,Harbor,31.39,4.4
574,Astra Computer,Beauty,Astra,121.03,2.74
1018,Astra Yes,Automotive,Astra,80.56,3.8
947,Harbor Cup,Groceries,Harbor,18.37,2.99
338,Everest Nor,Books,Everest,16.48,2.61
770,Nimbus Size,Pet Supplies,Nimbus,155.4,3.77
218,Harbor Last,Electronics,Harbor,234.99,2.93
1179,Astra Player,Groceries,Astra,1.72,2.6
1725,Willow Only,Beauty,Willow,96.97,2.63
413,Solace Follow,Beauty,Solace,6.79,3.76
1770,Willow Film,Electronics,Willow,811.5,4.17
1036,Pulse Security,Electronics,Pulse,1075.65,4.86
438,Orion Pm,Home & Kitchen,Orion,167.79,2.98
829,Harbor Art,Beauty,Harbor,111.06,2.69
377,GreenLeaf Eat,Toys,GreenLeaf,95.77,3.38
51,Zenith Economy,Electronics,Zenith,840.01,3.23
357,Astra Hundred,Electronics,Astra,1423.47,3.6
235,Everest Minute,Home & Kitchen,Everest,628.13,4.15
1346,Everest Also,Electronics,Everest,921,3.15
252,NeoTech Class,Pet Supplies,NeoTech,46.59,3.35
1663,NeoTech School,Home & Kitchen,NeoTech,75.4,3.85
401,Astra Discuss,Automotive,Astra,291.84,4.53
1449,Pulse Weight,Automotive,Pulse,354.29,4.18
1121,Orion Occur,Electronics,Orion,1003.65,3.42
1171,Zenith Memory,Clothing,Zenith,208.75,3.46
785,Orion Down,Toys,Orion,111.12,2.82
1800,Astra Behavior,Clothing,Astra,113.98,4.7
645,Everest Try,Beauty,Everest,63.98,3.33
184,Astra Maintain,Toys,Astra,21.38,4.49
1109,Acme So,Toys,Acme,33.05,2.98
811,Orion Listen,Toys,Orion,86.16,4.08
780,Nimbus Condition,Toys,Nimbus,42.19,2.56
24,Harbor Who,Automotive,Harbor,529.54,4.35
1516,Everest Truth,Beauty,Everest,104.12,3.57
1406,Acme Far,Books,Acme,10.45,2.74
463,Willow Plant,Sports,Willow,18.57,4.4
489,NeoTech Conference,Groceries,NeoTech,5.11,2.51
971,Willow Tree,Groceries,Willow,21.25,3.9
1194,Solace Part,Pet Supplies,Solace,15.63,3.43
455,NeoTech Nearly,Clothing,NeoTech,65.06,4.45
1875,Orion Serious,Toys,Orion,86.67,2.73
118,NeoTech Professor,Groceries,NeoTech,13.13,2.81
125,Orion Gas,Beauty,Orion,59.55,4.01
862,NeoTech Standard,Sports,NeoTech,119.52,3.42
475,Willow Also,Home & Kitchen,Willow,191.79,3.42
1364,Acme Modern,Books,Acme,27.65,4.22
1853,Orion After,Electronics,Orion,351.45,3.22
215,Orion High,Pet Supplies,Orion,34.28,3.08
881,GreenLeaf It,Home & Kitchen,GreenLeaf,441.04,4.56
131,NeoTech Everybody,Automotive,NeoTech,329.14,4.29
1899,Everest International,Toys,Everest,49.77,3.47
1078,Astra Likely,Automotive,Astra,687.51,3.9
379,Astra Present,Groceries,Astra,12.81,3.2
1761,Everest Line,Home & Kitchen,Everest,32.15,2.69
1612,Astra Five,Beauty,Astra,83.13,3.67
1206,GreenLeaf Or,Automotive,GreenLeaf,531.53,4.08
564,Zenith Conference,Home & Kitchen,Zenith,99.23,3.48
647,Pulse Off,Books,Pulse,26.05,3.84
228,Everest Tv,Automotive,Everest,253.79,3.25
1113,Pulse Interesting,Electronics,Pulse,1663.12,3.86
1909,Orion Head,Beauty,Orion,69,2.73
366,NeoTech Fill,Home & Kitchen,NeoTech,242.13,3.23
1261,Willow World,Electronics,Willow,1411.81,2.63
1454,Zenith Left,Beauty,Zenith,178.76,4.07
798,Solace Discover,Groceries,Solace,26.15,2.8
319,Everest Baby,Books,Everest,40.58,4.01
1457,GreenLeaf Study,Sports,GreenLeaf,58.83,3.33
1844,Nimbus Size,Books,Nimbus,70.23,2.99
1046,Zenith Lot,Clothing,Zenith,157.61,3.31
394,Acme Boy,Toys,Acme,113.67,3.4
926,Zenith He,Home & Kitchen,Zenith,19.4,4.28
1715,Everest Also,Groceries,Everest,5.74,4.13
1227,GreenLeaf System,Electronics,GreenLeaf,1260.68,4.44
981,Orion Machine,Books,Orion,30.59,3.74
383,Nimbus Knowledge,Sports,Nimbus,26.27,4.47
1286,NeoTech Clear,Pet Supplies,NeoTech,63.38,4.55
521,Orion Risk,Groceries,Orion,14.09,2.87
456,Zenith Building,Pet Supplies,Zenith,24.35,2.83
1825,Solace People,Home & Kitchen,Solace,203.57,4.12
558,Nimbus Watch,Toys,Nimbus,61.71,3.57
1613,Zenith Lawyer,Automotive,Zenith,734.26,4.81
1849,GreenLeaf List,Beauty,GreenLeaf,59.13,4.5
1343,GreenLeaf Just,Home & Kitchen,GreenLeaf,326.01,4.64
934,Orion Network,Pet Supplies,Orion,24.37,2.6
801,Everest Voice,Pet Supplies,Everest,31.7,3.86
1338,Astra Key,Beauty,Astra,54.86,4.06
1603,NeoTech Week,Sports,NeoTech,233.45,4.4
375,Nimbus Choice,Home & Kitchen,Nimbus,21.73,3.12
1683,NeoTech Make,Sports,NeoTech,71.52,4.54
415,Pulse Next,Electronics,Pulse,861.62,3.87
440,Solace Think,Beauty,Solace,10.76,4.86
74,Willow Week,Toys,Willow,40.24,4.52
250,Harbor Seek,Sports,Harbor,162.91,3.13
421,NeoTech Method,Toys,NeoTech,121.71,3.83
1930,Harbor Fire,Home & Kitchen,Harbor,34.77,4.18
332,GreenLeaf Painting,Beauty,GreenLeaf,33.02,4.55
419,Astra Remain,Groceries,Astra,18.47,3.73
284,Zenith Then,Beauty,Zenith,7.78,2.53
1629,NeoTech Hope,Electronics,NeoTech,926.42,3.44
1481,Harbor Act,Beauty,Harbor,166.37,4.23
57,Zenith What,Beauty,Zenith,73.71,3.32
1945,Astra Future,Pet Supplies,Astra,85.2,3.31
1334,Solace Personal,Beauty,Solace,156.31,3.49
1333,Nimbus Black,Books,Nimbus,25.77,3.56
1956,Nimbus Table,Sports,Nimbus,300.07,2.52
1155,Solace School,Clothing,Solace,175.11,4.06
688,Acme Them,Pet Supplies,Acme,27.23,2.63
1014,Zenith Appear,Groceries,Zenith,10.78,3.04
1132,Willow Even,Automotive,Willow,694.64,3.09
1532,NeoTech Admit,Electronics,NeoTech,137.82,4.65
1512,Harbor Discover,Books,Harbor,51.45,4.22
1308,Willow Turn,Sports,Willow,38.14,4.47
806,Willow Religious,Electronics,Willow,484.18,2.73
602,Nimbus Word,Toys,Nimbus,52.18,4.75
25,Zenith About,Automotive,Zenith,631.84,4.02
1890,Harbor Growth,Toys,Harbor,83.34,4
1806,Nimbus Focus,Pet Supplies,Nimbus,54.34,4.4
1196,Orion Near,Home & Kitchen,Orion,283.47,4.24
177,Astra Visit,Beauty,Astra,17.35,3.52
1157,Orion Well,Groceries,Orion,20.26,4.21
556,Solace Guess,Books,Solace,54.93,3.9
